id,lock_key,train_id,seat_number,user_id,booking_id,status,locked_at,expires_at
1,lock:seat:87:79:2025-12-17:5577,87,79,324,BKG-20251231-7WJU6TEA,EXPIRED,2025-11-19T01:28:59.783Z,2025-11-19T01:32:59.783Z
2,lock:seat:87:18:2025-12-17:5578,87,18,324,BKG-20251231-7WJU6TEA,EXPIRED,2025-11-19T01:29:09.783Z,2025-11-19T01:32:59.783Z
3,lock:seat:50:80:2025-12-16:2507,50,80,755,BKG-20251231-XW3KU5RB,EXPIRED,2025-11-20T10:39:24.273Z,2025-11-20T10:43:24.273Z
4,lock:seat:50:80:2025-12-16:2508,50,80,755,BKG-20251231-XW3KU5RB,EXPIRED,2025-11-20T10:39:34.273Z,2025-11-20T10:43:24.273Z
5,lock:seat:50:16:2025-12-16:2509,50,16,755,BKG-20251231-XW3KU5RB,EXPIRED,2025-11-20T10:39:44.273Z,2025-11-20T10:43:24.273Z
6,lock:seat:258:53:2025-12-17:7635,258,53,443,BKG-20251231-SSI2X4EN,EXPIRED,2025-11-21T23:28:42.700Z,2025-11-21T23:32:42.700Z
7,lock:seat:258:68:2025-12-17:7636,258,68,443,BKG-20251231-SSI2X4EN,EXPIRED,2025-11-21T23:28:52.700Z,2025-11-21T23:32:42.700Z
8,lock:seat:262:57:2025-12-17:6793,262,57,928,BKG-20251231-BAFP9IRA,EXPIRED,2025-11-21T23:46:40.345Z,2025-11-21T23:50:40.345Z
9,lock:seat:262:79:2025-12-17:6794,262,79,928,BKG-20251231-BAFP9IRA,EXPIRED,2025-11-21T23:46:50.345Z,2025-11-21T23:50:40.345Z
10,lock:seat:262:37:2025-12-17:6795,262,37,928,BKG-20251231-BAFP9IRA,EXPIRED,2025-11-21T23:47:00.345Z,2025-11-21T23:50:40.345Z
11,lock:seat:262:70:2025-12-17:6796,262,70,928,BKG-20251231-BAFP9IRA,EXPIRED,2025-11-21T23:47:10.345Z,2025-11-21T23:50:40.345Z
12,lock:seat:262:11:2025-12-17:6797,262,11,928,BKG-20251231-BAFP9IRA,EXPIRED,2025-11-21T23:47:20.345Z,2025-11-21T23:50:40.345Z
13,lock:seat:228:38:2025-12-18:2800,228,38,448,BKG-20251231-47M5MVYH,EXPIRED,2025-11-22T13:44:37.427Z,2025-11-22T13:48:37.427Z
14,lock:seat:228:16:2025-12-18:2801,228,16,448,BKG-20251231-47M5MVYH,EXPIRED,2025-11-22T13:44:47.427Z,2025-11-22T13:48:37.427Z
15,lock:seat:228:100:2025-12-18:2802,228,100,448,BKG-20251231-47M5MVYH,EXPIRED,2025-11-22T13:44:57.427Z,2025-11-22T13:48:37.427Z
16,lock:seat:33:95:2025-12-22:6520,33,95,52,BKG-20251231-ZFB019K2,EXPIRED,2025-11-24T07:32:34.714Z,2025-11-24T07:36:34.714Z
17,lock:seat:33:52:2025-12-22:6521,33,52,52,BKG-20251231-ZFB019K2,EXPIRED,2025-11-24T07:32:44.714Z,2025-11-24T07:36:34.714Z
18,lock:seat:33:75:2025-12-22:6522,33,75,52,BKG-20251231-ZFB019K2,EXPIRED,2025-11-24T07:32:54.714Z,2025-11-24T07:36:34.714Z
19,lock:seat:33:86:2025-12-22:6523,33,86,52,BKG-20251231-ZFB019K2,EXPIRED,2025-11-24T07:33:04.714Z,2025-11-24T07:36:34.714Z
20,lock:seat:33:6:2025-12-22:6524,33,6,52,BKG-20251231-ZFB019K2,EXPIRED,2025-11-24T07:33:14.714Z,2025-11-24T07:36:34.714Z
21,lock:seat:493:77:2025-12-23:2118,493,77,454,BKG-20251231-QOKUESHP,EXPIRED,2025-11-24T11:01:57.442Z,2025-11-24T11:05:57.442Z
22,lock:seat:493:49:2025-12-23:2119,493,49,454,BKG-20251231-QOKUESHP,EXPIRED,2025-11-24T11:02:07.442Z,2025-11-24T11:05:57.442Z
23,lock:seat:493:33:2025-12-23:2120,493,33,454,BKG-20251231-QOKUESHP,EXPIRED,2025-11-24T11:02:17.442Z,2025-11-24T11:05:57.442Z
24,lock:seat:493:100:2025-12-23:2121,493,100,454,BKG-20251231-QOKUESHP,EXPIRED,2025-11-24T11:02:27.442Z,2025-11-24T11:05:57.442Z
25,lock:seat:475:12:2025-12-19:6884,475,12,115,BKG-20251231-X6ONI8AD,EXPIRED,2025-11-24T22:08:21.983Z,2025-11-24T22:12:21.983Z
26,lock:seat:475:49:2025-12-19:6885,475,49,115,BKG-20251231-X6ONI8AD,EXPIRED,2025-11-24T22:08:31.983Z,2025-11-24T22:12:21.983Z
27,lock:seat:475:28:2025-12-19:6886,475,28,115,BKG-20251231-X6ONI8AD,EXPIRED,2025-11-24T22:08:41.983Z,2025-11-24T22:12:21.983Z
28,lock:seat:475:18:2025-12-19:6887,475,18,115,BKG-20251231-X6ONI8AD,EXPIRED,2025-11-24T22:08:51.983Z,2025-11-24T22:12:21.983Z
29,lock:seat:475:18:2025-12-19:6888,475,18,115,BKG-20251231-X6ONI8AD,EXPIRED,2025-11-24T22:09:01.983Z,2025-11-24T22:12:21.983Z
30,lock:seat:475:25:2025-12-19:6889,475,25,115,BKG-20251231-X6ONI8AD,EXPIRED,2025-11-24T22:09:11.983Z,2025-11-24T22:12:21.983Z
31,lock:seat:309:93:2025-12-16:4819,309,93,754,BKG-20251231-WD9JSXT8,EXPIRED,2025-11-24T22:33:07.179Z,2025-11-24T22:37:07.179Z
32,lock:seat:309:66:2025-12-16:4820,309,66,754,BKG-20251231-WD9JSXT8,EXPIRED,2025-11-24T22:33:17.179Z,2025-11-24T22:37:07.179Z
33,lock:seat:309:19:2025-12-16:4821,309,19,754,BKG-20251231-WD9JSXT8,EXPIRED,2025-11-24T22:33:27.179Z,2025-11-24T22:37:07.179Z
34,lock:seat:309:63:2025-12-16:4822,309,63,754,BKG-20251231-WD9JSXT8,EXPIRED,2025-11-24T22:33:37.179Z,2025-11-24T22:37:07.179Z
35,lock:seat:68:3:2025-12-24:4189,68,3,676,BKG-20251231-9LFSLTIT,EXPIRED,2025-11-25T13:19:35.319Z,2025-11-25T13:23:35.319Z
36,lock:seat:68:36:2025-12-24:4190,68,36,676,BKG-20251231-9LFSLTIT,EXPIRED,2025-11-25T13:19:45.319Z,2025-11-25T13:23:35.319Z
37,lock:seat:68:51:2025-12-24:4191,68,51,676,BKG-20251231-9LFSLTIT,EXPIRED,2025-11-25T13:19:55.319Z,2025-11-25T13:23:35.319Z
38,lock:seat:68:24:2025-12-24:4192,68,24,676,BKG-20251231-9LFSLTIT,EXPIRED,2025-11-25T13:20:05.319Z,2025-11-25T13:23:35.319Z
39,lock:seat:68:19:2025-12-24:4193,68,19,676,BKG-20251231-9LFSLTIT,EXPIRED,2025-11-25T13:20:15.319Z,2025-11-25T13:23:35.319Z
40,lock:seat:232:16:2025-12-17:4227,232,16,873,BKG-20251231-6RD0B787,EXPIRED,2025-11-25T18:00:00.826Z,2025-11-25T18:04:00.826Z
41,lock:seat:193:28:2025-12-17:5644,193,28,957,BKG-20251231-S6XBSX89,EXPIRED,2025-11-25T20:24:36.927Z,2025-11-25T20:28:36.927Z
42,lock:seat:193:18:2025-12-17:5645,193,18,957,BKG-20251231-S6XBSX89,EXPIRED,2025-11-25T20:24:46.927Z,2025-11-25T20:28:36.927Z
43,lock:seat:450:89:2025-12-23:6031,450,89,166,BKG-20251231-EQDOHZTB,EXPIRED,2025-11-25T21:53:52.612Z,2025-11-25T21:57:52.612Z
44,lock:seat:2:66:2025-12-18:3050,2,66,167,BKG-20251231-19TYWVS6,EXPIRED,2025-11-26T11:13:13.176Z,2025-11-26T11:17:13.176Z
45,lock:seat:2:5:2025-12-18:3051,2,5,167,BKG-20251231-19TYWVS6,EXPIRED,2025-11-26T11:13:23.176Z,2025-11-26T11:17:13.176Z
46,lock:seat:2:71:2025-12-18:3052,2,71,167,BKG-20251231-19TYWVS6,EXPIRED,2025-11-26T11:13:33.176Z,2025-11-26T11:17:13.176Z
47,lock:seat:2:11:2025-12-18:3053,2,11,167,BKG-20251231-19TYWVS6,EXPIRED,2025-11-26T11:13:43.176Z,2025-11-26T11:17:13.176Z
48,lock:seat:345:55:2025-12-24:5174,345,55,525,BKG-20251231-KBHPA401,EXPIRED,2025-11-26T12:32:07.485Z,2025-11-26T12:36:07.485Z
49,lock:seat:345:30:2025-12-24:5175,345,30,525,BKG-20251231-KBHPA401,EXPIRED,2025-11-26T12:32:17.485Z,2025-11-26T12:36:07.485Z
50,lock:seat:499:2:2025-12-16:4698,499,2,624,BKG-20251231-7I4MKWPK,EXPIRED,2025-11-26T13:35:17.492Z,2025-11-26T13:39:17.492Z
51,lock:seat:499:42:2025-12-16:4699,499,42,624,BKG-20251231-7I4MKWPK,EXPIRED,2025-11-26T13:35:27.492Z,2025-11-26T13:39:17.492Z
52,lock:seat:452:72:2025-12-25:8150,452,72,992,BKG-20251231-Q20DRSCK,EXPIRED,2025-11-26T15:54:45.508Z,2025-11-26T15:58:45.508Z
53,lock:seat:452:27:2025-12-25:8151,452,27,992,BKG-20251231-Q20DRSCK,EXPIRED,2025-11-26T15:54:55.508Z,2025-11-26T15:58:45.508Z
54,lock:seat:452:55:2025-12-25:8152,452,55,992,BKG-20251231-Q20DRSCK,EXPIRED,2025-11-26T15:55:05.508Z,2025-11-26T15:58:45.508Z
55,lock:seat:452:68:2025-12-25:8153,452,68,992,BKG-20251231-Q20DRSCK,EXPIRED,2025-11-26T15:55:15.508Z,2025-11-26T15:58:45.508Z
56,lock:seat:322:65:2025-12-18:2770,322,65,681,BKG-20251231-Y9ND0XGQ,EXPIRED,2025-11-27T05:28:59.622Z,2025-11-27T05:32:59.622Z
57,lock:seat:322:5:2025-12-18:2771,322,5,681,BKG-20251231-Y9ND0XGQ,EXPIRED,2025-11-27T05:29:09.622Z,2025-11-27T05:32:59.622Z
58,lock:seat:322:13:2025-12-18:2772,322,13,681,BKG-20251231-Y9ND0XGQ,EXPIRED,2025-11-27T05:29:19.622Z,2025-11-27T05:32:59.622Z
59,lock:seat:322:65:2025-12-18:2773,322,65,681,BKG-20251231-Y9ND0XGQ,EXPIRED,2025-11-27T05:29:29.622Z,2025-11-27T05:32:59.622Z
60,lock:seat:322:3:2025-12-18:2774,322,3,681,BKG-20251231-Y9ND0XGQ,EXPIRED,2025-11-27T05:29:39.622Z,2025-11-27T05:32:59.622Z
61,lock:seat:322:62:2025-12-18:2775,322,62,681,BKG-20251231-Y9ND0XGQ,EXPIRED,2025-11-27T05:29:49.622Z,2025-11-27T05:32:59.622Z
62,lock:seat:340:76:2025-12-20:2863,340,76,652,BKG-20251231-ZEJZMSJ4,EXPIRED,2025-11-27T09:52:19.380Z,2025-11-27T09:56:19.380Z
63,lock:seat:340:52:2025-12-20:2864,340,52,652,BKG-20251231-ZEJZMSJ4,EXPIRED,2025-11-27T09:52:29.380Z,2025-11-27T09:56:19.380Z
64,lock:seat:340:39:2025-12-20:2865,340,39,652,BKG-20251231-ZEJZMSJ4,EXPIRED,2025-11-27T09:52:39.380Z,2025-11-27T09:56:19.380Z
65,lock:seat:323:69:2025-12-18:8564,323,69,668,BKG-20251231-W9VCYQUD,EXPIRED,2025-11-27T14:52:01.466Z,2025-11-27T14:56:01.466Z
66,lock:seat:323:86:2025-12-18:8565,323,86,668,BKG-20251231-W9VCYQUD,EXPIRED,2025-11-27T14:52:11.466Z,2025-11-27T14:56:01.466Z
67,lock:seat:323:97:2025-12-18:8566,323,97,668,BKG-20251231-W9VCYQUD,EXPIRED,2025-11-27T14:52:21.466Z,2025-11-27T14:56:01.466Z
68,lock:seat:323:18:2025-12-18:8567,323,18,668,BKG-20251231-W9VCYQUD,EXPIRED,2025-11-27T14:52:31.466Z,2025-11-27T14:56:01.466Z
69,lock:seat:323:19:2025-12-18:8568,323,19,668,BKG-20251231-W9VCYQUD,EXPIRED,2025-11-27T14:52:41.466Z,2025-11-27T14:56:01.466Z
70,lock:seat:323:70:2025-12-18:8569,323,70,668,BKG-20251231-W9VCYQUD,EXPIRED,2025-11-27T14:52:51.466Z,2025-11-27T14:56:01.466Z
71,lock:seat:481:9:2025-12-16:1282,481,9,949,BKG-20251231-RVEBXQNR,EXPIRED,2025-11-27T21:59:05.952Z,2025-11-27T22:03:05.952Z
72,lock:seat:481:31:2025-12-16:1283,481,31,949,BKG-20251231-RVEBXQNR,EXPIRED,2025-11-27T21:59:15.952Z,2025-11-27T22:03:05.952Z
73,lock:seat:481:84:2025-12-16:1284,481,84,949,BKG-20251231-RVEBXQNR,EXPIRED,2025-11-27T21:59:25.952Z,2025-11-27T22:03:05.952Z
74,lock:seat:365:95:2025-12-20:1770,365,95,119,BKG-20251231-DJICRHIA,EXPIRED,2025-11-28T11:22:32.102Z,2025-11-28T11:26:32.102Z
75,lock:seat:394:39:2025-12-24:5985,394,39,402,BKG-20251231-KBOKD38R,EXPIRED,2025-11-28T12:20:04.169Z,2025-11-28T12:24:04.169Z
76,lock:seat:394:93:2025-12-24:5986,394,93,402,BKG-20251231-KBOKD38R,EXPIRED,2025-11-28T12:20:14.169Z,2025-11-28T12:24:04.169Z
77,lock:seat:394:61:2025-12-24:5987,394,61,402,BKG-20251231-KBOKD38R,EXPIRED,2025-11-28T12:20:24.169Z,2025-11-28T12:24:04.169Z
78,lock:seat:394:25:2025-12-24:5988,394,25,402,BKG-20251231-KBOKD38R,EXPIRED,2025-11-28T12:20:34.169Z,2025-11-28T12:24:04.169Z
79,lock:seat:48:59:2025-12-21:5665,48,59,164,BKG-20251231-KIN59SX8,EXPIRED,2025-11-28T21:05:20.867Z,2025-11-28T21:09:20.867Z
80,lock:seat:48:80:2025-12-21:5666,48,80,164,BKG-20251231-KIN59SX8,EXPIRED,2025-11-28T21:05:30.867Z,2025-11-28T21:09:20.867Z
81,lock:seat:48:96:2025-12-21:5667,48,96,164,BKG-20251231-KIN59SX8,EXPIRED,2025-11-28T21:05:40.867Z,2025-11-28T21:09:20.867Z
82,lock:seat:48:15:2025-12-21:5668,48,15,164,BKG-20251231-KIN59SX8,EXPIRED,2025-11-28T21:05:50.867Z,2025-11-28T21:09:20.867Z
83,lock:seat:48:55:2025-12-21:5669,48,55,164,BKG-20251231-KIN59SX8,EXPIRED,2025-11-28T21:06:00.867Z,2025-11-28T21:09:20.867Z
84,lock:seat:48:74:2025-12-21:5670,48,74,164,BKG-20251231-KIN59SX8,EXPIRED,2025-11-28T21:06:10.867Z,2025-11-28T21:09:20.867Z
85,lock:seat:106:69:2025-12-19:572,106,69,923,BKG-20251231-2W6RJ0WX,EXPIRED,2025-11-28T23:47:52.541Z,2025-11-28T23:51:52.541Z
86,lock:seat:106:54:2025-12-19:573,106,54,923,BKG-20251231-2W6RJ0WX,EXPIRED,2025-11-28T23:48:02.541Z,2025-11-28T23:51:52.541Z
87,lock:seat:106:37:2025-12-19:574,106,37,923,BKG-20251231-2W6RJ0WX,EXPIRED,2025-11-28T23:48:12.541Z,2025-11-28T23:51:52.541Z
88,lock:seat:106:11:2025-12-19:575,106,11,923,BKG-20251231-2W6RJ0WX,EXPIRED,2025-11-28T23:48:22.541Z,2025-11-28T23:51:52.541Z
89,lock:seat:448:32:2025-12-18:2199,448,32,543,BKG-20251231-OVS4C97S,EXPIRED,2025-11-29T09:57:48.735Z,2025-11-29T10:01:48.735Z
90,lock:seat:448:39:2025-12-18:2200,448,39,543,BKG-20251231-OVS4C97S,EXPIRED,2025-11-29T09:57:58.735Z,2025-11-29T10:01:48.735Z
91,lock:seat:448:23:2025-12-18:2201,448,23,543,BKG-20251231-OVS4C97S,EXPIRED,2025-11-29T09:58:08.735Z,2025-11-29T10:01:48.735Z
92,lock:seat:382:37:2025-12-19:6464,382,37,728,BKG-20251231-DJWU5NSQ,EXPIRED,2025-11-29T11:30:24.144Z,2025-11-29T11:34:24.144Z
93,lock:seat:382:25:2025-12-19:6465,382,25,728,BKG-20251231-DJWU5NSQ,EXPIRED,2025-11-29T11:30:34.144Z,2025-11-29T11:34:24.144Z
94,lock:seat:382:44:2025-12-19:6466,382,44,728,BKG-20251231-DJWU5NSQ,EXPIRED,2025-11-29T11:30:44.144Z,2025-11-29T11:34:24.144Z
95,lock:seat:382:85:2025-12-19:6467,382,85,728,BKG-20251231-DJWU5NSQ,EXPIRED,2025-11-29T11:30:54.144Z,2025-11-29T11:34:24.144Z
96,lock:seat:382:36:2025-12-19:6468,382,36,728,BKG-20251231-DJWU5NSQ,EXPIRED,2025-11-29T11:31:04.144Z,2025-11-29T11:34:24.144Z
97,lock:seat:382:60:2025-12-19:6469,382,60,728,BKG-20251231-DJWU5NSQ,EXPIRED,2025-11-29T11:31:14.144Z,2025-11-29T11:34:24.144Z
98,lock:seat:90:2:2025-12-24:6901,90,2,799,BKG-20251231-2KKJZ9Y6,EXPIRED,2025-11-29T22:55:08.816Z,2025-11-29T22:59:08.816Z
99,lock:seat:90:9:2025-12-24:6902,90,9,799,BKG-20251231-2KKJZ9Y6,EXPIRED,2025-11-29T22:55:18.816Z,2025-11-29T22:59:08.816Z
100,lock:seat:90:8:2025-12-24:6903,90,8,799,BKG-20251231-2KKJZ9Y6,EXPIRED,2025-11-29T22:55:28.816Z,2025-11-29T22:59:08.816Z
101,lock:seat:90:10:2025-12-24:6904,90,10,799,BKG-20251231-2KKJZ9Y6,EXPIRED,2025-11-29T22:55:38.816Z,2025-11-29T22:59:08.816Z
102,lock:seat:90:84:2025-12-24:6905,90,84,799,BKG-20251231-2KKJZ9Y6,EXPIRED,2025-11-29T22:55:48.816Z,2025-11-29T22:59:08.816Z
103,lock:seat:90:10:2025-12-24:6906,90,10,799,BKG-20251231-2KKJZ9Y6,EXPIRED,2025-11-29T22:55:58.816Z,2025-11-29T22:59:08.816Z
104,lock:seat:73:46:2025-12-20:4959,73,46,198,BKG-20251231-4J6B0898,EXPIRED,2025-11-30T00:57:04.217Z,2025-11-30T01:01:04.217Z
105,lock:seat:319:32:2025-12-21:1166,319,32,679,BKG-20251231-TNPH44JG,EXPIRED,2025-11-30T05:24:31.244Z,2025-11-30T05:28:31.244Z
106,lock:seat:319:23:2025-12-21:1167,319,23,679,BKG-20251231-TNPH44JG,EXPIRED,2025-11-30T05:24:41.244Z,2025-11-30T05:28:31.244Z
107,lock:seat:319:46:2025-12-21:1168,319,46,679,BKG-20251231-TNPH44JG,EXPIRED,2025-11-30T05:24:51.244Z,2025-11-30T05:28:31.244Z
108,lock:seat:319:87:2025-12-21:1169,319,87,679,BKG-20251231-TNPH44JG,EXPIRED,2025-11-30T05:25:01.244Z,2025-11-30T05:28:31.244Z
109,lock:seat:319:85:2025-12-21:1170,319,85,679,BKG-20251231-TNPH44JG,EXPIRED,2025-11-30T05:25:11.244Z,2025-11-30T05:28:31.244Z
110,lock:seat:319:54:2025-12-21:1171,319,54,679,BKG-20251231-TNPH44JG,EXPIRED,2025-11-30T05:25:21.244Z,2025-11-30T05:28:31.244Z
111,lock:seat:431:35:2025-12-20:8159,431,35,588,BKG-20251231-RI4LJGQT,EXPIRED,2025-11-30T10:32:18.101Z,2025-11-30T10:36:18.101Z
112,lock:seat:431:95:2025-12-20:8160,431,95,588,BKG-20251231-RI4LJGQT,EXPIRED,2025-11-30T10:32:28.101Z,2025-11-30T10:36:18.101Z
113,lock:seat:17:29:2025-12-28:6869,17,29,967,BKG-20251231-1F4FHI2S,EXPIRED,2025-11-30T18:08:34.947Z,2025-11-30T18:12:34.947Z
114,lock:seat:17:83:2025-12-28:6870,17,83,967,BKG-20251231-1F4FHI2S,EXPIRED,2025-11-30T18:08:44.947Z,2025-11-30T18:12:34.947Z
115,lock:seat:17:5:2025-12-28:6871,17,5,967,BKG-20251231-1F4FHI2S,EXPIRED,2025-11-30T18:08:54.947Z,2025-11-30T18:12:34.947Z
116,lock:seat:58:44:2025-12-26:3813,58,44,254,BKG-20251231-XKY74Q10,EXPIRED,2025-11-30T20:44:14.704Z,2025-11-30T20:48:14.704Z
117,lock:seat:58:50:2025-12-26:3814,58,50,254,BKG-20251231-XKY74Q10,EXPIRED,2025-11-30T20:44:24.704Z,2025-11-30T20:48:14.704Z
118,lock:seat:58:89:2025-12-26:3815,58,89,254,BKG-20251231-XKY74Q10,EXPIRED,2025-11-30T20:44:34.704Z,2025-11-30T20:48:14.704Z
119,lock:seat:58:34:2025-12-26:3816,58,34,254,BKG-20251231-XKY74Q10,EXPIRED,2025-11-30T20:44:44.704Z,2025-11-30T20:48:14.704Z
120,lock:seat:58:78:2025-12-26:3817,58,78,254,BKG-20251231-XKY74Q10,EXPIRED,2025-11-30T20:44:54.704Z,2025-11-30T20:48:14.704Z
121,lock:seat:58:34:2025-12-26:3818,58,34,254,BKG-20251231-XKY74Q10,EXPIRED,2025-11-30T20:45:04.704Z,2025-11-30T20:48:14.704Z
122,lock:seat:250:25:2025-12-28:7826,250,25,646,BKG-20251231-Y8PI72QY,EXPIRED,2025-11-30T23:51:18.005Z,2025-11-30T23:55:18.005Z
123,lock:seat:250:17:2025-12-28:7827,250,17,646,BKG-20251231-Y8PI72QY,EXPIRED,2025-11-30T23:51:28.005Z,2025-11-30T23:55:18.005Z
124,lock:seat:250:90:2025-12-28:7828,250,90,646,BKG-20251231-Y8PI72QY,EXPIRED,2025-11-30T23:51:38.005Z,2025-11-30T23:55:18.005Z
125,lock:seat:250:82:2025-12-28:7829,250,82,646,BKG-20251231-Y8PI72QY,EXPIRED,2025-11-30T23:51:48.005Z,2025-11-30T23:55:18.005Z
126,lock:seat:25:60:2025-12-26:5780,25,60,872,BKG-20251231-EP6T9EKA,EXPIRED,2025-12-01T02:48:42.118Z,2025-12-01T02:52:42.118Z
127,lock:seat:25:10:2025-12-26:5781,25,10,872,BKG-20251231-EP6T9EKA,EXPIRED,2025-12-01T02:48:52.118Z,2025-12-01T02:52:42.118Z
128,lock:seat:25:65:2025-12-26:5782,25,65,872,BKG-20251231-EP6T9EKA,EXPIRED,2025-12-01T02:49:02.118Z,2025-12-01T02:52:42.118Z
129,lock:seat:25:41:2025-12-26:5783,25,41,872,BKG-20251231-EP6T9EKA,EXPIRED,2025-12-01T02:49:12.118Z,2025-12-01T02:52:42.118Z
130,lock:seat:25:58:2025-12-29:8399,25,58,276,BKG-20251231-YULA2YI1,EXPIRED,2025-12-01T09:04:26.599Z,2025-12-01T09:08:26.599Z
131,lock:seat:25:59:2025-12-29:8400,25,59,276,BKG-20251231-YULA2YI1,EXPIRED,2025-12-01T09:04:36.599Z,2025-12-01T09:08:26.599Z
132,lock:seat:25:96:2025-12-29:8401,25,96,276,BKG-20251231-YULA2YI1,EXPIRED,2025-12-01T09:04:46.599Z,2025-12-01T09:08:26.599Z
133,lock:seat:25:16:2025-12-29:8402,25,16,276,BKG-20251231-YULA2YI1,EXPIRED,2025-12-01T09:04:56.599Z,2025-12-01T09:08:26.599Z
134,lock:seat:29:47:2025-12-30:6300,29,47,592,BKG-20251231-ARY2QAPN,EXPIRED,2025-12-01T09:35:15.868Z,2025-12-01T09:39:15.868Z
135,lock:seat:137:44:2025-12-28:1992,137,44,468,BKG-20251231-W1RXQDF7,EXPIRED,2025-12-01T10:50:23.990Z,2025-12-01T10:54:23.990Z
136,lock:seat:137:56:2025-12-28:1993,137,56,468,BKG-20251231-W1RXQDF7,EXPIRED,2025-12-01T10:50:33.990Z,2025-12-01T10:54:23.990Z
137,lock:seat:137:40:2025-12-28:1994,137,40,468,BKG-20251231-W1RXQDF7,EXPIRED,2025-12-01T10:50:43.990Z,2025-12-01T10:54:23.990Z
138,lock:seat:158:55:2025-12-18:6090,158,55,641,BKG-20251231-BJ31VCBT,EXPIRED,2025-12-01T14:55:28.282Z,2025-12-01T14:59:28.282Z
139,lock:seat:158:4:2025-12-18:6091,158,4,641,BKG-20251231-BJ31VCBT,EXPIRED,2025-12-01T14:55:38.282Z,2025-12-01T14:59:28.282Z
140,lock:seat:158:1:2025-12-18:6092,158,1,641,BKG-20251231-BJ31VCBT,EXPIRED,2025-12-01T14:55:48.282Z,2025-12-01T14:59:28.282Z
141,lock:seat:158:23:2025-12-18:6093,158,23,641,BKG-20251231-BJ31VCBT,EXPIRED,2025-12-01T14:55:58.282Z,2025-12-01T14:59:28.282Z
142,lock:seat:263:52:2025-12-24:2143,263,52,724,BKG-20251231-DO8DSJ6K,EXPIRED,2025-12-01T17:23:20.245Z,2025-12-01T17:27:20.245Z
143,lock:seat:263:94:2025-12-24:2144,263,94,724,BKG-20251231-DO8DSJ6K,EXPIRED,2025-12-01T17:23:30.245Z,2025-12-01T17:27:20.245Z
144,lock:seat:406:65:2025-12-27:7601,406,65,781,BKG-20251231-3L9CBH2H,EXPIRED,2025-12-02T00:53:58.835Z,2025-12-02T00:57:58.835Z
145,lock:seat:406:23:2025-12-27:7602,406,23,781,BKG-20251231-3L9CBH2H,EXPIRED,2025-12-02T00:54:08.835Z,2025-12-02T00:57:58.835Z
146,lock:seat:406:3:2025-12-27:7603,406,3,781,BKG-20251231-3L9CBH2H,EXPIRED,2025-12-02T00:54:18.835Z,2025-12-02T00:57:58.835Z
147,lock:seat:406:16:2025-12-27:7604,406,16,781,BKG-20251231-3L9CBH2H,EXPIRED,2025-12-02T00:54:28.835Z,2025-12-02T00:57:58.835Z
148,lock:seat:184:77:2025-12-19:2476,184,77,227,BKG-20251231-1L6XEWL2,EXPIRED,2025-12-02T02:52:52.579Z,2025-12-02T02:56:52.579Z
149,lock:seat:184:75:2025-12-19:2477,184,75,227,BKG-20251231-1L6XEWL2,EXPIRED,2025-12-02T02:53:02.579Z,2025-12-02T02:56:52.579Z
150,lock:seat:184:34:2025-12-19:2478,184,34,227,BKG-20251231-1L6XEWL2,EXPIRED,2025-12-02T02:53:12.579Z,2025-12-02T02:56:52.579Z
151,lock:seat:365:68:2025-12-23:1515,365,68,509,BKG-20251231-R5O5G2B4,EXPIRED,2025-12-02T12:10:44.344Z,2025-12-02T12:14:44.344Z
152,lock:seat:365:80:2025-12-23:1516,365,80,509,BKG-20251231-R5O5G2B4,EXPIRED,2025-12-02T12:10:54.344Z,2025-12-02T12:14:44.344Z
153,lock:seat:365:4:2025-12-23:1517,365,4,509,BKG-20251231-R5O5G2B4,EXPIRED,2025-12-02T12:11:04.344Z,2025-12-02T12:14:44.344Z
154,lock:seat:365:27:2025-12-23:1518,365,27,509,BKG-20251231-R5O5G2B4,EXPIRED,2025-12-02T12:11:14.344Z,2025-12-02T12:14:44.344Z
155,lock:seat:365:10:2025-12-23:1519,365,10,509,BKG-20251231-R5O5G2B4,EXPIRED,2025-12-02T12:11:24.344Z,2025-12-02T12:14:44.344Z
156,lock:seat:393:5:2025-12-23:3351,393,5,589,BKG-20251231-85E4Z853,EXPIRED,2025-12-02T19:39:02.538Z,2025-12-02T19:43:02.538Z
157,lock:seat:393:75:2025-12-23:3352,393,75,589,BKG-20251231-85E4Z853,EXPIRED,2025-12-02T19:39:12.538Z,2025-12-02T19:43:02.538Z
158,lock:seat:393:94:2025-12-23:3353,393,94,589,BKG-20251231-85E4Z853,EXPIRED,2025-12-02T19:39:22.538Z,2025-12-02T19:43:02.538Z
159,lock:seat:393:47:2025-12-23:3354,393,47,589,BKG-20251231-85E4Z853,EXPIRED,2025-12-02T19:39:32.538Z,2025-12-02T19:43:02.538Z
160,lock:seat:393:19:2025-12-23:3355,393,19,589,BKG-20251231-85E4Z853,EXPIRED,2025-12-02T19:39:42.538Z,2025-12-02T19:43:02.538Z
161,lock:seat:393:76:2025-12-23:3356,393,76,589,BKG-20251231-85E4Z853,EXPIRED,2025-12-02T19:39:52.538Z,2025-12-02T19:43:02.538Z
162,lock:seat:167:32:2025-12-28:2321,167,32,801,BKG-20251231-M12EFOW5,EXPIRED,2025-12-03T01:36:51.504Z,2025-12-03T01:40:51.504Z
163,lock:seat:167:69:2025-12-28:2322,167,69,801,BKG-20251231-M12EFOW5,EXPIRED,2025-12-03T01:37:01.504Z,2025-12-03T01:40:51.504Z
164,lock:seat:242:28:2025-12-21:768,242,28,976,BKG-20251231-T2UT3U7M,EXPIRED,2025-12-03T04:11:43.204Z,2025-12-03T04:15:43.204Z
165,lock:seat:242:11:2025-12-21:769,242,11,976,BKG-20251231-T2UT3U7M,EXPIRED,2025-12-03T04:11:53.204Z,2025-12-03T04:15:43.204Z
166,lock:seat:242:35:2025-12-21:770,242,35,976,BKG-20251231-T2UT3U7M,EXPIRED,2025-12-03T04:12:03.204Z,2025-12-03T04:15:43.204Z
167,lock:seat:191:7:2025-12-27:5228,191,7,385,BKG-20251231-D9P9YIOB,EXPIRED,2025-12-03T09:51:17.584Z,2025-12-03T09:55:17.584Z
168,lock:seat:191:48:2025-12-27:5229,191,48,385,BKG-20251231-D9P9YIOB,EXPIRED,2025-12-03T09:51:27.584Z,2025-12-03T09:55:17.584Z
169,lock:seat:191:66:2025-12-27:5230,191,66,385,BKG-20251231-D9P9YIOB,EXPIRED,2025-12-03T09:51:37.584Z,2025-12-03T09:55:17.584Z
170,lock:seat:191:63:2025-12-27:5231,191,63,385,BKG-20251231-D9P9YIOB,EXPIRED,2025-12-03T09:51:47.584Z,2025-12-03T09:55:17.584Z
171,lock:seat:191:49:2025-12-27:5232,191,49,385,BKG-20251231-D9P9YIOB,EXPIRED,2025-12-03T09:51:57.584Z,2025-12-03T09:55:17.584Z
172,lock:seat:312:30:2025-12-30:1559,312,30,840,BKG-20251231-5AS2Q46K,EXPIRED,2025-12-03T09:57:19.628Z,2025-12-03T10:01:19.628Z
173,lock:seat:312:19:2025-12-30:1560,312,19,840,BKG-20251231-5AS2Q46K,EXPIRED,2025-12-03T09:57:29.628Z,2025-12-03T10:01:19.628Z
174,lock:seat:312:69:2025-12-30:1561,312,69,840,BKG-20251231-5AS2Q46K,EXPIRED,2025-12-03T09:57:39.628Z,2025-12-03T10:01:19.628Z
175,lock:seat:312:60:2025-12-30:1562,312,60,840,BKG-20251231-5AS2Q46K,EXPIRED,2025-12-03T09:57:49.628Z,2025-12-03T10:01:19.628Z
176,lock:seat:312:12:2025-12-30:1563,312,12,840,BKG-20251231-5AS2Q46K,EXPIRED,2025-12-03T09:57:59.628Z,2025-12-03T10:01:19.628Z
177,lock:seat:312:24:2025-12-30:1564,312,24,840,BKG-20251231-5AS2Q46K,EXPIRED,2025-12-03T09:58:09.628Z,2025-12-03T10:01:19.628Z
178,lock:seat:309:44:2025-12-31:4925,309,44,403,BKG-20251231-PU8NZCDH,EXPIRED,2025-12-03T10:37:02.272Z,2025-12-03T10:41:02.272Z
179,lock:seat:309:61:2025-12-31:4926,309,61,403,BKG-20251231-PU8NZCDH,EXPIRED,2025-12-03T10:37:12.272Z,2025-12-03T10:41:02.272Z
180,lock:seat:309:34:2025-12-31:4927,309,34,403,BKG-20251231-PU8NZCDH,EXPIRED,2025-12-03T10:37:22.272Z,2025-12-03T10:41:02.272Z
181,lock:seat:166:35:2025-12-31:8031,166,35,53,BKG-20251231-K9CMZUEM,EXPIRED,2025-12-03T11:33:36.625Z,2025-12-03T11:37:36.625Z
182,lock:seat:166:57:2025-12-31:8032,166,57,53,BKG-20251231-K9CMZUEM,EXPIRED,2025-12-03T11:33:46.625Z,2025-12-03T11:37:36.625Z
183,lock:seat:166:92:2025-12-31:8033,166,92,53,BKG-20251231-K9CMZUEM,EXPIRED,2025-12-03T11:33:56.625Z,2025-12-03T11:37:36.625Z
184,lock:seat:331:20:2026-01-01:7959,331,20,542,BKG-20251231-1QK6OQWJ,EXPIRED,2025-12-03T14:49:14.162Z,2025-12-03T14:53:14.162Z
185,lock:seat:16:1:2025-12-26:588,16,1,874,BKG-20251231-P3DR7OAI,EXPIRED,2025-12-03T16:31:58.596Z,2025-12-03T16:35:58.596Z
186,lock:seat:16:17:2025-12-26:589,16,17,874,BKG-20251231-P3DR7OAI,EXPIRED,2025-12-03T16:32:08.596Z,2025-12-03T16:35:58.596Z
187,lock:seat:16:47:2025-12-26:590,16,47,874,BKG-20251231-P3DR7OAI,EXPIRED,2025-12-03T16:32:18.596Z,2025-12-03T16:35:58.596Z
188,lock:seat:16:64:2025-12-26:591,16,64,874,BKG-20251231-P3DR7OAI,EXPIRED,2025-12-03T16:32:28.596Z,2025-12-03T16:35:58.596Z
189,lock:seat:16:26:2025-12-26:592,16,26,874,BKG-20251231-P3DR7OAI,EXPIRED,2025-12-03T16:32:38.596Z,2025-12-03T16:35:58.596Z
190,lock:seat:16:57:2025-12-26:593,16,57,874,BKG-20251231-P3DR7OAI,EXPIRED,2025-12-03T16:32:48.596Z,2025-12-03T16:35:58.596Z
191,lock:seat:50:37:2025-12-17:7976,50,37,816,BKG-20251231-OHD8Q5X1,EXPIRED,2025-12-03T20:58:42.921Z,2025-12-03T21:02:42.921Z
192,lock:seat:50:8:2025-12-17:7977,50,8,816,BKG-20251231-OHD8Q5X1,EXPIRED,2025-12-03T20:58:52.921Z,2025-12-03T21:02:42.921Z
193,lock:seat:50:97:2025-12-17:7978,50,97,816,BKG-20251231-OHD8Q5X1,EXPIRED,2025-12-03T20:59:02.921Z,2025-12-03T21:02:42.921Z
194,lock:seat:50:95:2025-12-17:7979,50,95,816,BKG-20251231-OHD8Q5X1,EXPIRED,2025-12-03T20:59:12.921Z,2025-12-03T21:02:42.921Z
195,lock:seat:483:79:2025-12-16:3940,483,79,392,BKG-20251231-0Q0HJ27M,EXPIRED,2025-12-03T22:19:06.663Z,2025-12-03T22:23:06.663Z
196,lock:seat:288:35:2025-12-30:5900,288,35,300,BKG-20251231-0XV78FH1,EXPIRED,2025-12-04T01:39:39.184Z,2025-12-04T01:43:39.184Z
197,lock:seat:288:47:2025-12-30:5901,288,47,300,BKG-20251231-0XV78FH1,EXPIRED,2025-12-04T01:39:49.184Z,2025-12-04T01:43:39.184Z
198,lock:seat:288:54:2025-12-30:5902,288,54,300,BKG-20251231-0XV78FH1,EXPIRED,2025-12-04T01:39:59.184Z,2025-12-04T01:43:39.184Z
199,lock:seat:288:40:2025-12-30:5903,288,40,300,BKG-20251231-0XV78FH1,EXPIRED,2025-12-04T01:40:09.184Z,2025-12-04T01:43:39.184Z
200,lock:seat:288:71:2025-12-30:5904,288,71,300,BKG-20251231-0XV78FH1,EXPIRED,2025-12-04T01:40:19.184Z,2025-12-04T01:43:39.184Z
201,lock:seat:288:47:2025-12-30:5905,288,47,300,BKG-20251231-0XV78FH1,EXPIRED,2025-12-04T01:40:29.184Z,2025-12-04T01:43:39.184Z
202,lock:seat:382:53:2025-12-20:2189,382,53,785,BKG-20251231-YLZ6HKM8,EXPIRED,2025-12-04T03:50:27.365Z,2025-12-04T03:54:27.365Z
203,lock:seat:382:27:2025-12-20:2190,382,27,785,BKG-20251231-YLZ6HKM8,EXPIRED,2025-12-04T03:50:37.365Z,2025-12-04T03:54:27.365Z
204,lock:seat:382:95:2025-12-20:2191,382,95,785,BKG-20251231-YLZ6HKM8,EXPIRED,2025-12-04T03:50:47.365Z,2025-12-04T03:54:27.365Z
205,lock:seat:382:96:2025-12-20:2192,382,96,785,BKG-20251231-YLZ6HKM8,EXPIRED,2025-12-04T03:50:57.365Z,2025-12-04T03:54:27.365Z
206,lock:seat:382:5:2025-12-20:2193,382,5,785,BKG-20251231-YLZ6HKM8,EXPIRED,2025-12-04T03:51:07.365Z,2025-12-04T03:54:27.365Z
207,lock:seat:382:35:2025-12-20:2194,382,35,785,BKG-20251231-YLZ6HKM8,EXPIRED,2025-12-04T03:51:17.365Z,2025-12-04T03:54:27.365Z
208,lock:seat:140:12:2026-01-01:4433,140,12,873,BKG-20251231-NIHJ0OL4,EXPIRED,2025-12-04T04:56:02.438Z,2025-12-04T05:00:02.438Z
209,lock:seat:140:76:2026-01-01:4434,140,76,873,BKG-20251231-NIHJ0OL4,EXPIRED,2025-12-04T04:56:12.438Z,2025-12-04T05:00:02.438Z
210,lock:seat:140:9:2026-01-01:4435,140,9,873,BKG-20251231-NIHJ0OL4,EXPIRED,2025-12-04T04:56:22.438Z,2025-12-04T05:00:02.438Z
211,lock:seat:140:72:2026-01-01:4436,140,72,873,BKG-20251231-NIHJ0OL4,EXPIRED,2025-12-04T04:56:32.438Z,2025-12-04T05:00:02.438Z
212,lock:seat:140:52:2026-01-01:4437,140,52,873,BKG-20251231-NIHJ0OL4,EXPIRED,2025-12-04T04:56:42.438Z,2025-12-04T05:00:02.438Z
213,lock:seat:140:1:2026-01-01:4438,140,1,873,BKG-20251231-NIHJ0OL4,EXPIRED,2025-12-04T04:56:52.438Z,2025-12-04T05:00:02.438Z
214,lock:seat:231:12:2025-12-16:2600,231,12,999,BKG-20251231-LCGZQSJG,EXPIRED,2025-12-04T10:32:19.802Z,2025-12-04T10:36:19.802Z
215,lock:seat:352:22:2025-12-20:4960,352,22,286,BKG-20251231-DLZX54J9,EXPIRED,2025-12-04T11:14:30.669Z,2025-12-04T11:18:30.669Z
216,lock:seat:352:58:2025-12-20:4961,352,58,286,BKG-20251231-DLZX54J9,EXPIRED,2025-12-04T11:14:40.669Z,2025-12-04T11:18:30.669Z
217,lock:seat:33:98:2026-01-01:3105,33,98,665,BKG-20251231-LY5GWDD3,EXPIRED,2025-12-04T12:48:29.304Z,2025-12-04T12:52:29.304Z
218,lock:seat:33:77:2026-01-01:3106,33,77,665,BKG-20251231-LY5GWDD3,EXPIRED,2025-12-04T12:48:39.304Z,2025-12-04T12:52:29.304Z
219,lock:seat:33:52:2026-01-01:3107,33,52,665,BKG-20251231-LY5GWDD3,EXPIRED,2025-12-04T12:48:49.304Z,2025-12-04T12:52:29.304Z
220,lock:seat:33:21:2026-01-01:3108,33,21,665,BKG-20251231-LY5GWDD3,EXPIRED,2025-12-04T12:48:59.304Z,2025-12-04T12:52:29.304Z
221,lock:seat:236:53:2025-12-21:4383,236,53,996,BKG-20251231-052F2YUB,EXPIRED,2025-12-04T13:28:15.619Z,2025-12-04T13:32:15.619Z
222,lock:seat:236:73:2025-12-21:4384,236,73,996,BKG-20251231-052F2YUB,EXPIRED,2025-12-04T13:28:25.619Z,2025-12-04T13:32:15.619Z
223,lock:seat:236:87:2025-12-21:4385,236,87,996,BKG-20251231-052F2YUB,EXPIRED,2025-12-04T13:28:35.619Z,2025-12-04T13:32:15.619Z
224,lock:seat:236:49:2025-12-21:4386,236,49,996,BKG-20251231-052F2YUB,EXPIRED,2025-12-04T13:28:45.619Z,2025-12-04T13:32:15.619Z
225,lock:seat:236:20:2025-12-21:4387,236,20,996,BKG-20251231-052F2YUB,EXPIRED,2025-12-04T13:28:55.619Z,2025-12-04T13:32:15.619Z
226,lock:seat:236:32:2025-12-21:4388,236,32,996,BKG-20251231-052F2YUB,EXPIRED,2025-12-04T13:29:05.619Z,2025-12-04T13:32:15.619Z
227,lock:seat:14:16:2025-12-31:7316,14,16,101,BKG-20251231-WN1ZXIVU,EXPIRED,2025-12-04T14:27:13.747Z,2025-12-04T14:31:13.747Z
228,lock:seat:9:73:2025-12-19:1691,9,73,87,BKG-20251231-E4HQTGD6,EXPIRED,2025-12-04T17:11:32.262Z,2025-12-04T17:15:32.262Z
229,lock:seat:9:74:2025-12-19:1692,9,74,87,BKG-20251231-E4HQTGD6,EXPIRED,2025-12-04T17:11:42.262Z,2025-12-04T17:15:32.262Z
230,lock:seat:9:9:2025-12-19:1693,9,9,87,BKG-20251231-E4HQTGD6,EXPIRED,2025-12-04T17:11:52.262Z,2025-12-04T17:15:32.262Z
231,lock:seat:9:62:2025-12-19:1694,9,62,87,BKG-20251231-E4HQTGD6,EXPIRED,2025-12-04T17:12:02.262Z,2025-12-04T17:15:32.262Z
232,lock:seat:9:27:2025-12-19:1695,9,27,87,BKG-20251231-E4HQTGD6,EXPIRED,2025-12-04T17:12:12.262Z,2025-12-04T17:15:32.262Z
233,lock:seat:9:49:2025-12-19:1696,9,49,87,BKG-20251231-E4HQTGD6,EXPIRED,2025-12-04T17:12:22.262Z,2025-12-04T17:15:32.262Z
234,lock:seat:285:62:2025-12-19:5907,285,62,783,BKG-20251231-NPB0P8Q9,EXPIRED,2025-12-04T18:49:44.528Z,2025-12-04T18:53:44.528Z
235,lock:seat:285:53:2025-12-19:5908,285,53,783,BKG-20251231-NPB0P8Q9,EXPIRED,2025-12-04T18:49:54.528Z,2025-12-04T18:53:44.528Z
236,lock:seat:285:14:2025-12-19:5909,285,14,783,BKG-20251231-NPB0P8Q9,EXPIRED,2025-12-04T18:50:04.528Z,2025-12-04T18:53:44.528Z
237,lock:seat:285:55:2025-12-19:5910,285,55,783,BKG-20251231-NPB0P8Q9,EXPIRED,2025-12-04T18:50:14.528Z,2025-12-04T18:53:44.528Z
238,lock:seat:285:42:2025-12-19:5911,285,42,783,BKG-20251231-NPB0P8Q9,EXPIRED,2025-12-04T18:50:24.528Z,2025-12-04T18:53:44.528Z
239,lock:seat:285:87:2025-12-19:5912,285,87,783,BKG-20251231-NPB0P8Q9,EXPIRED,2025-12-04T18:50:34.528Z,2025-12-04T18:53:44.528Z
240,lock:seat:215:9:2025-12-18:7133,215,9,671,BKG-20251231-0NH82AQM,EXPIRED,2025-12-04T22:43:28.735Z,2025-12-04T22:47:28.735Z
241,lock:seat:215:65:2025-12-18:7134,215,65,671,BKG-20251231-0NH82AQM,EXPIRED,2025-12-04T22:43:38.735Z,2025-12-04T22:47:28.735Z
242,lock:seat:215:65:2025-12-18:7135,215,65,671,BKG-20251231-0NH82AQM,EXPIRED,2025-12-04T22:43:48.735Z,2025-12-04T22:47:28.735Z
243,lock:seat:215:88:2025-12-18:7136,215,88,671,BKG-20251231-0NH82AQM,EXPIRED,2025-12-04T22:43:58.735Z,2025-12-04T22:47:28.735Z
244,lock:seat:215:92:2025-12-18:7137,215,92,671,BKG-20251231-0NH82AQM,EXPIRED,2025-12-04T22:44:08.735Z,2025-12-04T22:47:28.735Z
245,lock:seat:274:39:2025-12-26:1216,274,39,519,BKG-20251231-B4FT7OKC,EXPIRED,2025-12-05T09:59:56.031Z,2025-12-05T10:03:56.031Z
246,lock:seat:274:82:2025-12-26:1217,274,82,519,BKG-20251231-B4FT7OKC,EXPIRED,2025-12-05T10:00:06.031Z,2025-12-05T10:03:56.031Z
247,lock:seat:274:28:2025-12-26:1218,274,28,519,BKG-20251231-B4FT7OKC,EXPIRED,2025-12-05T10:00:16.031Z,2025-12-05T10:03:56.031Z
248,lock:seat:274:90:2025-12-26:1219,274,90,519,BKG-20251231-B4FT7OKC,EXPIRED,2025-12-05T10:00:26.031Z,2025-12-05T10:03:56.031Z
249,lock:seat:355:99:2025-12-18:5026,355,99,819,BKG-20251231-HIWNXCBW,EXPIRED,2025-12-05T12:51:18.782Z,2025-12-05T12:55:18.782Z
250,lock:seat:355:15:2025-12-18:5027,355,15,819,BKG-20251231-HIWNXCBW,EXPIRED,2025-12-05T12:51:28.782Z,2025-12-05T12:55:18.782Z
251,lock:seat:355:31:2025-12-18:5028,355,31,819,BKG-20251231-HIWNXCBW,EXPIRED,2025-12-05T12:51:38.782Z,2025-12-05T12:55:18.782Z
252,lock:seat:191:73:2025-12-18:7371,191,73,753,BKG-20251231-5ZGBHIG5,EXPIRED,2025-12-05T15:16:38.138Z,2025-12-05T15:20:38.138Z
253,lock:seat:191:65:2025-12-18:7372,191,65,753,BKG-20251231-5ZGBHIG5,EXPIRED,2025-12-05T15:16:48.138Z,2025-12-05T15:20:38.138Z
254,lock:seat:191:93:2025-12-18:7373,191,93,753,BKG-20251231-5ZGBHIG5,EXPIRED,2025-12-05T15:16:58.138Z,2025-12-05T15:20:38.138Z
255,lock:seat:191:62:2025-12-18:7374,191,62,753,BKG-20251231-5ZGBHIG5,EXPIRED,2025-12-05T15:17:08.138Z,2025-12-05T15:20:38.138Z
256,lock:seat:191:10:2025-12-18:7375,191,10,753,BKG-20251231-5ZGBHIG5,EXPIRED,2025-12-05T15:17:18.138Z,2025-12-05T15:20:38.138Z
257,lock:seat:38:41:2025-12-30:8255,38,41,679,BKG-20251231-O1XAXNVE,EXPIRED,2025-12-05T15:49:04.774Z,2025-12-05T15:53:04.774Z
258,lock:seat:38:45:2025-12-30:8256,38,45,679,BKG-20251231-O1XAXNVE,EXPIRED,2025-12-05T15:49:14.774Z,2025-12-05T15:53:04.774Z
259,lock:seat:38:79:2025-12-30:8257,38,79,679,BKG-20251231-O1XAXNVE,EXPIRED,2025-12-05T15:49:24.774Z,2025-12-05T15:53:04.774Z
260,lock:seat:38:5:2025-12-30:8258,38,5,679,BKG-20251231-O1XAXNVE,EXPIRED,2025-12-05T15:49:34.774Z,2025-12-05T15:53:04.774Z
261,lock:seat:38:79:2025-12-30:8259,38,79,679,BKG-20251231-O1XAXNVE,EXPIRED,2025-12-05T15:49:44.774Z,2025-12-05T15:53:04.774Z
262,lock:seat:413:77:2025-12-30:2152,413,77,370,BKG-20251231-JYKUOBRO,EXPIRED,2025-12-05T16:31:35.960Z,2025-12-05T16:35:35.960Z
263,lock:seat:413:49:2025-12-30:2153,413,49,370,BKG-20251231-JYKUOBRO,EXPIRED,2025-12-05T16:31:45.960Z,2025-12-05T16:35:35.960Z
264,lock:seat:413:60:2025-12-30:2154,413,60,370,BKG-20251231-JYKUOBRO,EXPIRED,2025-12-05T16:31:55.960Z,2025-12-05T16:35:35.960Z
265,lock:seat:413:71:2025-12-30:2155,413,71,370,BKG-20251231-JYKUOBRO,EXPIRED,2025-12-05T16:32:05.960Z,2025-12-05T16:35:35.960Z
266,lock:seat:286:5:2025-12-21:4414,286,5,457,BKG-20251231-KDWHA4ML,EXPIRED,2025-12-05T18:02:43.887Z,2025-12-05T18:06:43.887Z
267,lock:seat:286:26:2025-12-21:4415,286,26,457,BKG-20251231-KDWHA4ML,EXPIRED,2025-12-05T18:02:53.887Z,2025-12-05T18:06:43.887Z
268,lock:seat:286:63:2025-12-21:4416,286,63,457,BKG-20251231-KDWHA4ML,EXPIRED,2025-12-05T18:03:03.887Z,2025-12-05T18:06:43.887Z
269,lock:seat:286:83:2025-12-21:4417,286,83,457,BKG-20251231-KDWHA4ML,EXPIRED,2025-12-05T18:03:13.887Z,2025-12-05T18:06:43.887Z
270,lock:seat:286:68:2025-12-21:4418,286,68,457,BKG-20251231-KDWHA4ML,EXPIRED,2025-12-05T18:03:23.887Z,2025-12-05T18:06:43.887Z
271,lock:seat:286:35:2025-12-21:4419,286,35,457,BKG-20251231-KDWHA4ML,EXPIRED,2025-12-05T18:03:33.887Z,2025-12-05T18:06:43.887Z
272,lock:seat:377:81:2025-12-27:6624,377,81,194,BKG-20251231-BU6T7OSJ,EXPIRED,2025-12-05T18:10:02.346Z,2025-12-05T18:14:02.346Z
273,lock:seat:494:77:2026-01-02:6225,494,77,511,BKG-20251231-LJEEOELO,EXPIRED,2025-12-05T21:25:35.680Z,2025-12-05T21:29:35.680Z
274,lock:seat:494:89:2026-01-02:6226,494,89,511,BKG-20251231-LJEEOELO,EXPIRED,2025-12-05T21:25:45.680Z,2025-12-05T21:29:35.680Z
275,lock:seat:494:22:2026-01-02:6227,494,22,511,BKG-20251231-LJEEOELO,EXPIRED,2025-12-05T21:25:55.680Z,2025-12-05T21:29:35.680Z
276,lock:seat:494:57:2026-01-02:6228,494,57,511,BKG-20251231-LJEEOELO,EXPIRED,2025-12-05T21:26:05.680Z,2025-12-05T21:29:35.680Z
277,lock:seat:393:31:2025-12-22:2548,393,31,109,BKG-20251231-0V2DR60U,EXPIRED,2025-12-05T23:14:56.878Z,2025-12-05T23:18:56.878Z
278,lock:seat:393:85:2025-12-22:2549,393,85,109,BKG-20251231-0V2DR60U,EXPIRED,2025-12-05T23:15:06.878Z,2025-12-05T23:18:56.878Z
279,lock:seat:393:78:2025-12-22:2550,393,78,109,BKG-20251231-0V2DR60U,EXPIRED,2025-12-05T23:15:16.878Z,2025-12-05T23:18:56.878Z
280,lock:seat:393:64:2025-12-22:2551,393,64,109,BKG-20251231-0V2DR60U,EXPIRED,2025-12-05T23:15:26.878Z,2025-12-05T23:18:56.878Z
281,lock:seat:393:47:2025-12-22:2552,393,47,109,BKG-20251231-0V2DR60U,EXPIRED,2025-12-05T23:15:36.878Z,2025-12-05T23:18:56.878Z
282,lock:seat:393:96:2025-12-22:2553,393,96,109,BKG-20251231-0V2DR60U,EXPIRED,2025-12-05T23:15:46.878Z,2025-12-05T23:18:56.878Z
283,lock:seat:50:91:2025-12-22:8366,50,91,134,BKG-20251231-W5PI5I4J,EXPIRED,2025-12-05T23:37:12.711Z,2025-12-05T23:41:12.711Z
284,lock:seat:232:19:2025-12-20:6242,232,19,101,BKG-20251231-G0WZNJUT,EXPIRED,2025-12-06T06:37:37.367Z,2025-12-06T06:41:37.367Z
285,lock:seat:300:68:2025-12-21:1871,300,68,480,BKG-20251231-WBYZZ7I6,EXPIRED,2025-12-06T07:02:39.981Z,2025-12-06T07:06:39.981Z
286,lock:seat:300:42:2025-12-21:1872,300,42,480,BKG-20251231-WBYZZ7I6,EXPIRED,2025-12-06T07:02:49.981Z,2025-12-06T07:06:39.981Z
287,lock:seat:300:37:2025-12-21:1873,300,37,480,BKG-20251231-WBYZZ7I6,EXPIRED,2025-12-06T07:02:59.981Z,2025-12-06T07:06:39.981Z
288,lock:seat:300:57:2025-12-21:1874,300,57,480,BKG-20251231-WBYZZ7I6,EXPIRED,2025-12-06T07:03:09.981Z,2025-12-06T07:06:39.981Z
289,lock:seat:300:56:2025-12-21:1875,300,56,480,BKG-20251231-WBYZZ7I6,EXPIRED,2025-12-06T07:03:19.981Z,2025-12-06T07:06:39.981Z
290,lock:seat:70:68:2025-12-22:7584,70,68,936,BKG-20251231-2EVFGVIP,EXPIRED,2025-12-06T09:35:42.794Z,2025-12-06T09:39:42.794Z
291,lock:seat:70:6:2025-12-22:7585,70,6,936,BKG-20251231-2EVFGVIP,EXPIRED,2025-12-06T09:35:52.794Z,2025-12-06T09:39:42.794Z
292,lock:seat:70:95:2025-12-22:7586,70,95,936,BKG-20251231-2EVFGVIP,EXPIRED,2025-12-06T09:36:02.794Z,2025-12-06T09:39:42.794Z
293,lock:seat:70:86:2025-12-22:7587,70,86,936,BKG-20251231-2EVFGVIP,EXPIRED,2025-12-06T09:36:12.794Z,2025-12-06T09:39:42.794Z
294,lock:seat:153:51:2025-12-31:1418,153,51,142,BKG-20251231-5CJG2JBA,EXPIRED,2025-12-06T09:41:23.002Z,2025-12-06T09:45:23.002Z
295,lock:seat:153:92:2025-12-31:1419,153,92,142,BKG-20251231-5CJG2JBA,EXPIRED,2025-12-06T09:41:33.002Z,2025-12-06T09:45:23.002Z
296,lock:seat:20:47:2025-12-31:3206,20,47,845,BKG-20251231-EHJV8WLR,EXPIRED,2025-12-06T12:33:58.541Z,2025-12-06T12:37:58.541Z
297,lock:seat:20:47:2025-12-31:3207,20,47,845,BKG-20251231-EHJV8WLR,EXPIRED,2025-12-06T12:34:08.541Z,2025-12-06T12:37:58.541Z
298,lock:seat:20:28:2025-12-31:3208,20,28,845,BKG-20251231-EHJV8WLR,EXPIRED,2025-12-06T12:34:18.541Z,2025-12-06T12:37:58.541Z
299,lock:seat:20:84:2025-12-31:3209,20,84,845,BKG-20251231-EHJV8WLR,EXPIRED,2025-12-06T12:34:28.541Z,2025-12-06T12:37:58.541Z
300,lock:seat:20:46:2025-12-31:3210,20,46,845,BKG-20251231-EHJV8WLR,EXPIRED,2025-12-06T12:34:38.541Z,2025-12-06T12:37:58.541Z
301,lock:seat:20:30:2025-12-31:3211,20,30,845,BKG-20251231-EHJV8WLR,EXPIRED,2025-12-06T12:34:48.541Z,2025-12-06T12:37:58.541Z
302,lock:seat:328:27:2025-12-26:2054,328,27,691,BKG-20251231-V19MNH1J,EXPIRED,2025-12-06T15:10:01.339Z,2025-12-06T15:14:01.339Z
303,lock:seat:328:42:2025-12-26:2055,328,42,691,BKG-20251231-V19MNH1J,EXPIRED,2025-12-06T15:10:11.339Z,2025-12-06T15:14:01.339Z
304,lock:seat:328:66:2025-12-26:2056,328,66,691,BKG-20251231-V19MNH1J,EXPIRED,2025-12-06T15:10:21.339Z,2025-12-06T15:14:01.339Z
305,lock:seat:328:20:2025-12-26:2057,328,20,691,BKG-20251231-V19MNH1J,EXPIRED,2025-12-06T15:10:31.339Z,2025-12-06T15:14:01.339Z
306,lock:seat:172:50:2025-12-23:2711,172,50,286,BKG-20251231-J7ZN12X8,EXPIRED,2025-12-06T16:37:45.069Z,2025-12-06T16:41:45.069Z
307,lock:seat:172:31:2025-12-23:2712,172,31,286,BKG-20251231-J7ZN12X8,EXPIRED,2025-12-06T16:37:55.069Z,2025-12-06T16:41:45.069Z
308,lock:seat:172:46:2025-12-23:2713,172,46,286,BKG-20251231-J7ZN12X8,EXPIRED,2025-12-06T16:38:05.069Z,2025-12-06T16:41:45.069Z
309,lock:seat:477:41:2025-12-24:5102,477,41,141,BKG-20251231-5HQZA4Q3,EXPIRED,2025-12-06T19:10:21.150Z,2025-12-06T19:14:21.150Z
310,lock:seat:477:16:2025-12-24:5103,477,16,141,BKG-20251231-5HQZA4Q3,EXPIRED,2025-12-06T19:10:31.150Z,2025-12-06T19:14:21.150Z
311,lock:seat:477:33:2025-12-24:5104,477,33,141,BKG-20251231-5HQZA4Q3,EXPIRED,2025-12-06T19:10:41.150Z,2025-12-06T19:14:21.150Z
312,lock:seat:477:38:2025-12-24:5105,477,38,141,BKG-20251231-5HQZA4Q3,EXPIRED,2025-12-06T19:10:51.150Z,2025-12-06T19:14:21.150Z
313,lock:seat:188:65:2026-01-03:7953,188,65,660,BKG-20251231-N0JJ8X2Y,EXPIRED,2025-12-06T21:39:30.963Z,2025-12-06T21:43:30.963Z
314,lock:seat:188:100:2026-01-03:7954,188,100,660,BKG-20251231-N0JJ8X2Y,EXPIRED,2025-12-06T21:39:40.963Z,2025-12-06T21:43:30.963Z
315,lock:seat:188:87:2026-01-03:7955,188,87,660,BKG-20251231-N0JJ8X2Y,EXPIRED,2025-12-06T21:39:50.963Z,2025-12-06T21:43:30.963Z
316,lock:seat:188:31:2026-01-03:7956,188,31,660,BKG-20251231-N0JJ8X2Y,EXPIRED,2025-12-06T21:40:00.963Z,2025-12-06T21:43:30.963Z
317,lock:seat:188:33:2026-01-03:7957,188,33,660,BKG-20251231-N0JJ8X2Y,EXPIRED,2025-12-06T21:40:10.963Z,2025-12-06T21:43:30.963Z
318,lock:seat:188:39:2026-01-03:7958,188,39,660,BKG-20251231-N0JJ8X2Y,EXPIRED,2025-12-06T21:40:20.963Z,2025-12-06T21:43:30.963Z
319,lock:seat:31:34:2025-12-21:3097,31,34,221,BKG-20251231-K6TTO8TF,EXPIRED,2025-12-07T05:17:47.527Z,2025-12-07T05:21:47.527Z
320,lock:seat:31:94:2025-12-21:3098,31,94,221,BKG-20251231-K6TTO8TF,EXPIRED,2025-12-07T05:17:57.527Z,2025-12-07T05:21:47.527Z
321,lock:seat:103:35:2025-12-21:8106,103,35,689,BKG-20251231-S4IE0785,EXPIRED,2025-12-07T07:49:55.425Z,2025-12-07T07:53:55.425Z
322,lock:seat:26:39:2025-12-24:4512,26,39,663,BKG-20251231-9H6SSQQX,EXPIRED,2025-12-07T08:02:49.331Z,2025-12-07T08:06:49.331Z
323,lock:seat:26:92:2025-12-24:4513,26,92,663,BKG-20251231-9H6SSQQX,EXPIRED,2025-12-07T08:02:59.331Z,2025-12-07T08:06:49.331Z
324,lock:seat:26:48:2025-12-24:4514,26,48,663,BKG-20251231-9H6SSQQX,EXPIRED,2025-12-07T08:03:09.331Z,2025-12-07T08:06:49.331Z
325,lock:seat:26:69:2025-12-24:4515,26,69,663,BKG-20251231-9H6SSQQX,EXPIRED,2025-12-07T08:03:19.331Z,2025-12-07T08:06:49.331Z
326,lock:seat:472:73:2026-01-03:8424,472,73,132,BKG-20251231-V3CFNMYD,EXPIRED,2025-12-07T08:47:18.499Z,2025-12-07T08:51:18.499Z
327,lock:seat:472:34:2026-01-03:8425,472,34,132,BKG-20251231-V3CFNMYD,EXPIRED,2025-12-07T08:47:28.499Z,2025-12-07T08:51:18.499Z
328,lock:seat:167:77:2026-01-02:2803,167,77,691,BKG-20251231-DSHGJFHZ,EXPIRED,2025-12-07T09:03:42.534Z,2025-12-07T09:07:42.534Z
329,lock:seat:69:74:2025-12-22:6221,69,74,690,BKG-20251231-XYGTI75M,EXPIRED,2025-12-07T10:17:58.452Z,2025-12-07T10:21:58.452Z
330,lock:seat:69:23:2025-12-22:6222,69,23,690,BKG-20251231-XYGTI75M,EXPIRED,2025-12-07T10:18:08.452Z,2025-12-07T10:21:58.452Z
331,lock:seat:69:15:2025-12-22:6223,69,15,690,BKG-20251231-XYGTI75M,EXPIRED,2025-12-07T10:18:18.452Z,2025-12-07T10:21:58.452Z
332,lock:seat:69:48:2025-12-22:6224,69,48,690,BKG-20251231-XYGTI75M,EXPIRED,2025-12-07T10:18:28.452Z,2025-12-07T10:21:58.452Z
333,lock:seat:103:54:2025-12-21:4282,103,54,26,BKG-20251231-ZEJV4UHN,EXPIRED,2025-12-07T11:26:22.463Z,2025-12-07T11:30:22.463Z
334,lock:seat:495:76:2026-01-02:1220,495,76,335,BKG-20251231-ZJ5SBB1R,EXPIRED,2025-12-07T11:45:36.410Z,2025-12-07T11:49:36.410Z
335,lock:seat:495:92:2026-01-02:1221,495,92,335,BKG-20251231-ZJ5SBB1R,EXPIRED,2025-12-07T11:45:46.410Z,2025-12-07T11:49:36.410Z
336,lock:seat:495:48:2026-01-02:1222,495,48,335,BKG-20251231-ZJ5SBB1R,EXPIRED,2025-12-07T11:45:56.410Z,2025-12-07T11:49:36.410Z
337,lock:seat:380:3:2025-12-23:8388,380,3,185,BKG-20251231-JIVRPVBA,EXPIRED,2025-12-07T11:57:29.627Z,2025-12-07T12:01:29.627Z
338,lock:seat:380:89:2025-12-23:8389,380,89,185,BKG-20251231-JIVRPVBA,EXPIRED,2025-12-07T11:57:39.627Z,2025-12-07T12:01:29.627Z
339,lock:seat:177:8:2025-12-26:2510,177,8,565,BKG-20251231-HJVCRGQB,EXPIRED,2025-12-07T13:50:03.083Z,2025-12-07T13:54:03.083Z
340,lock:seat:177:74:2025-12-26:2511,177,74,565,BKG-20251231-HJVCRGQB,EXPIRED,2025-12-07T13:50:13.083Z,2025-12-07T13:54:03.083Z
341,lock:seat:177:72:2025-12-26:2512,177,72,565,BKG-20251231-HJVCRGQB,EXPIRED,2025-12-07T13:50:23.083Z,2025-12-07T13:54:03.083Z
342,lock:seat:177:11:2025-12-26:2513,177,11,565,BKG-20251231-HJVCRGQB,EXPIRED,2025-12-07T13:50:33.083Z,2025-12-07T13:54:03.083Z
343,lock:seat:177:8:2025-12-26:2514,177,8,565,BKG-20251231-HJVCRGQB,EXPIRED,2025-12-07T13:50:43.083Z,2025-12-07T13:54:03.083Z
344,lock:seat:177:20:2025-12-26:2515,177,20,565,BKG-20251231-HJVCRGQB,EXPIRED,2025-12-07T13:50:53.083Z,2025-12-07T13:54:03.083Z
345,lock:seat:217:57:2025-12-28:6762,217,57,157,BKG-20251231-JZ7OFZXM,EXPIRED,2025-12-07T14:14:36.201Z,2025-12-07T14:18:36.201Z
346,lock:seat:217:44:2025-12-28:6763,217,44,157,BKG-20251231-JZ7OFZXM,EXPIRED,2025-12-07T14:14:46.201Z,2025-12-07T14:18:36.201Z
347,lock:seat:217:89:2025-12-28:6764,217,89,157,BKG-20251231-JZ7OFZXM,EXPIRED,2025-12-07T14:14:56.201Z,2025-12-07T14:18:36.201Z
348,lock:seat:217:21:2025-12-28:6765,217,21,157,BKG-20251231-JZ7OFZXM,EXPIRED,2025-12-07T14:15:06.201Z,2025-12-07T14:18:36.201Z
349,lock:seat:217:14:2025-12-28:6766,217,14,157,BKG-20251231-JZ7OFZXM,EXPIRED,2025-12-07T14:15:16.201Z,2025-12-07T14:18:36.201Z
350,lock:seat:389:72:2025-12-24:7676,389,72,259,BKG-20251231-YUJ1OBU7,EXPIRED,2025-12-07T15:16:39.775Z,2025-12-07T15:20:39.775Z
351,lock:seat:389:96:2025-12-24:7677,389,96,259,BKG-20251231-YUJ1OBU7,EXPIRED,2025-12-07T15:16:49.775Z,2025-12-07T15:20:39.775Z
352,lock:seat:389:14:2025-12-24:7678,389,14,259,BKG-20251231-YUJ1OBU7,EXPIRED,2025-12-07T15:16:59.775Z,2025-12-07T15:20:39.775Z
353,lock:seat:389:25:2025-12-24:7679,389,25,259,BKG-20251231-YUJ1OBU7,EXPIRED,2025-12-07T15:17:09.775Z,2025-12-07T15:20:39.775Z
354,lock:seat:389:86:2025-12-24:7680,389,86,259,BKG-20251231-YUJ1OBU7,EXPIRED,2025-12-07T15:17:19.775Z,2025-12-07T15:20:39.775Z
355,lock:seat:444:59:2025-12-17:7883,444,59,683,BKG-20251231-NUX0SP9D,EXPIRED,2025-12-08T00:25:49.327Z,2025-12-08T00:29:49.327Z
356,lock:seat:444:80:2025-12-17:7884,444,80,683,BKG-20251231-NUX0SP9D,EXPIRED,2025-12-08T00:25:59.327Z,2025-12-08T00:29:49.327Z
357,lock:seat:444:88:2025-12-17:7885,444,88,683,BKG-20251231-NUX0SP9D,EXPIRED,2025-12-08T00:26:09.327Z,2025-12-08T00:29:49.327Z
358,lock:seat:74:19:2025-12-25:2971,74,19,881,BKG-20251231-TISQIPCV,EXPIRED,2025-12-08T01:10:28.137Z,2025-12-08T01:14:28.137Z
359,lock:seat:424:97:2025-12-27:3367,424,97,621,BKG-20251231-2NR8G2L9,EXPIRED,2025-12-08T01:11:17.750Z,2025-12-08T01:15:17.750Z
360,lock:seat:424:1:2025-12-27:3368,424,1,621,BKG-20251231-2NR8G2L9,EXPIRED,2025-12-08T01:11:27.750Z,2025-12-08T01:15:17.750Z
361,lock:seat:424:24:2025-12-27:3369,424,24,621,BKG-20251231-2NR8G2L9,EXPIRED,2025-12-08T01:11:37.750Z,2025-12-08T01:15:17.750Z
362,lock:seat:424:13:2025-12-27:3370,424,13,621,BKG-20251231-2NR8G2L9,EXPIRED,2025-12-08T01:11:47.750Z,2025-12-08T01:15:17.750Z
363,lock:seat:11:11:2025-12-29:5989,11,11,904,BKG-20251231-4HZ65EJK,EXPIRED,2025-12-08T01:34:38.240Z,2025-12-08T01:38:38.240Z
364,lock:seat:11:89:2025-12-29:5990,11,89,904,BKG-20251231-4HZ65EJK,EXPIRED,2025-12-08T01:34:48.240Z,2025-12-08T01:38:38.240Z
365,lock:seat:11:54:2025-12-29:5991,11,54,904,BKG-20251231-4HZ65EJK,EXPIRED,2025-12-08T01:34:58.240Z,2025-12-08T01:38:38.240Z
366,lock:seat:11:6:2025-12-29:5992,11,6,904,BKG-20251231-4HZ65EJK,EXPIRED,2025-12-08T01:35:08.240Z,2025-12-08T01:38:38.240Z
367,lock:seat:11:10:2025-12-29:5993,11,10,904,BKG-20251231-4HZ65EJK,EXPIRED,2025-12-08T01:35:18.240Z,2025-12-08T01:38:38.240Z
368,lock:seat:234:100:2025-12-18:3492,234,100,111,BKG-20251231-FOSSQ90O,EXPIRED,2025-12-08T04:43:26.762Z,2025-12-08T04:47:26.762Z
369,lock:seat:234:2:2025-12-18:3493,234,2,111,BKG-20251231-FOSSQ90O,EXPIRED,2025-12-08T04:43:36.762Z,2025-12-08T04:47:26.762Z
370,lock:seat:234:32:2025-12-18:3494,234,32,111,BKG-20251231-FOSSQ90O,EXPIRED,2025-12-08T04:43:46.762Z,2025-12-08T04:47:26.762Z
371,lock:seat:234:7:2025-12-18:3495,234,7,111,BKG-20251231-FOSSQ90O,EXPIRED,2025-12-08T04:43:56.762Z,2025-12-08T04:47:26.762Z
372,lock:seat:382:46:2025-12-18:4899,382,46,624,BKG-20251231-DS6Q52M2,EXPIRED,2025-12-08T05:12:13.199Z,2025-12-08T05:16:13.199Z
373,lock:seat:382:93:2025-12-18:4900,382,93,624,BKG-20251231-DS6Q52M2,EXPIRED,2025-12-08T05:12:23.199Z,2025-12-08T05:16:13.199Z
374,lock:seat:382:20:2025-12-18:4901,382,20,624,BKG-20251231-DS6Q52M2,EXPIRED,2025-12-08T05:12:33.199Z,2025-12-08T05:16:13.199Z
375,lock:seat:382:3:2025-12-18:4902,382,3,624,BKG-20251231-DS6Q52M2,EXPIRED,2025-12-08T05:12:43.199Z,2025-12-08T05:16:13.199Z
376,lock:seat:382:19:2025-12-18:4903,382,19,624,BKG-20251231-DS6Q52M2,EXPIRED,2025-12-08T05:12:53.199Z,2025-12-08T05:16:13.199Z
377,lock:seat:154:84:2026-01-01:4635,154,84,614,BKG-20251231-X0NKXEKK,EXPIRED,2025-12-08T07:12:10.577Z,2025-12-08T07:16:10.577Z
378,lock:seat:154:8:2026-01-01:4636,154,8,614,BKG-20251231-X0NKXEKK,EXPIRED,2025-12-08T07:12:20.577Z,2025-12-08T07:16:10.577Z
379,lock:seat:154:89:2026-01-01:4637,154,89,614,BKG-20251231-X0NKXEKK,EXPIRED,2025-12-08T07:12:30.577Z,2025-12-08T07:16:10.577Z
380,lock:seat:182:73:2025-12-17:5419,182,73,653,BKG-20251231-XT00JBAJ,EXPIRED,2025-12-08T07:54:59.286Z,2025-12-08T07:58:59.286Z
381,lock:seat:182:31:2025-12-17:5420,182,31,653,BKG-20251231-XT00JBAJ,EXPIRED,2025-12-08T07:55:09.286Z,2025-12-08T07:58:59.286Z
382,lock:seat:182:82:2025-12-17:5421,182,82,653,BKG-20251231-XT00JBAJ,EXPIRED,2025-12-08T07:55:19.286Z,2025-12-08T07:58:59.286Z
383,lock:seat:182:24:2025-12-17:5422,182,24,653,BKG-20251231-XT00JBAJ,EXPIRED,2025-12-08T07:55:29.286Z,2025-12-08T07:58:59.286Z
384,lock:seat:182:12:2025-12-17:5423,182,12,653,BKG-20251231-XT00JBAJ,EXPIRED,2025-12-08T07:55:39.286Z,2025-12-08T07:58:59.286Z
385,lock:seat:182:27:2025-12-17:5424,182,27,653,BKG-20251231-XT00JBAJ,EXPIRED,2025-12-08T07:55:49.286Z,2025-12-08T07:58:59.286Z
386,lock:seat:450:65:2025-12-23:2619,450,65,93,BKG-20251231-X94F8RX2,EXPIRED,2025-12-08T11:36:24.590Z,2025-12-08T11:40:24.590Z
387,lock:seat:469:15:2026-01-03:4987,469,15,136,BKG-20251231-7SNIP1Q0,EXPIRED,2025-12-08T19:22:21.819Z,2025-12-08T19:26:21.819Z
388,lock:seat:469:89:2026-01-03:4988,469,89,136,BKG-20251231-7SNIP1Q0,EXPIRED,2025-12-08T19:22:31.819Z,2025-12-08T19:26:21.819Z
389,lock:seat:469:21:2026-01-03:4989,469,21,136,BKG-20251231-7SNIP1Q0,EXPIRED,2025-12-08T19:22:41.819Z,2025-12-08T19:26:21.819Z
390,lock:seat:469:3:2026-01-03:4990,469,3,136,BKG-20251231-7SNIP1Q0,EXPIRED,2025-12-08T19:22:51.819Z,2025-12-08T19:26:21.819Z
391,lock:seat:469:25:2026-01-03:4991,469,25,136,BKG-20251231-7SNIP1Q0,EXPIRED,2025-12-08T19:23:01.819Z,2025-12-08T19:26:21.819Z
392,lock:seat:279:1:2025-12-31:5080,279,1,152,BKG-20251231-9O6YSHLJ,EXPIRED,2025-12-08T19:41:40.236Z,2025-12-08T19:45:40.236Z
393,lock:seat:279:49:2025-12-31:5081,279,49,152,BKG-20251231-9O6YSHLJ,EXPIRED,2025-12-08T19:41:50.236Z,2025-12-08T19:45:40.236Z
394,lock:seat:279:4:2025-12-31:5082,279,4,152,BKG-20251231-9O6YSHLJ,EXPIRED,2025-12-08T19:42:00.236Z,2025-12-08T19:45:40.236Z
395,lock:seat:279:86:2025-12-31:5083,279,86,152,BKG-20251231-9O6YSHLJ,EXPIRED,2025-12-08T19:42:10.236Z,2025-12-08T19:45:40.236Z
396,lock:seat:279:95:2025-12-31:5084,279,95,152,BKG-20251231-9O6YSHLJ,EXPIRED,2025-12-08T19:42:20.236Z,2025-12-08T19:45:40.236Z
397,lock:seat:279:51:2025-12-31:5085,279,51,152,BKG-20251231-9O6YSHLJ,EXPIRED,2025-12-08T19:42:30.236Z,2025-12-08T19:45:40.236Z
398,lock:seat:450:15:2025-12-24:2697,450,15,900,BKG-20251231-OM9UMLFA,EXPIRED,2025-12-08T21:16:40.286Z,2025-12-08T21:20:40.286Z
399,lock:seat:347:99:2025-12-18:916,347,99,160,BKG-20251231-53PM6UYH,EXPIRED,2025-12-08T23:08:58.550Z,2025-12-08T23:12:58.550Z
400,lock:seat:347:70:2025-12-18:917,347,70,160,BKG-20251231-53PM6UYH,EXPIRED,2025-12-08T23:09:08.550Z,2025-12-08T23:12:58.550Z
401,lock:seat:347:55:2025-12-18:918,347,55,160,BKG-20251231-53PM6UYH,EXPIRED,2025-12-08T23:09:18.550Z,2025-12-08T23:12:58.550Z
402,lock:seat:347:19:2025-12-18:919,347,19,160,BKG-20251231-53PM6UYH,EXPIRED,2025-12-08T23:09:28.550Z,2025-12-08T23:12:58.550Z
403,lock:seat:347:33:2025-12-18:920,347,33,160,BKG-20251231-53PM6UYH,EXPIRED,2025-12-08T23:09:38.550Z,2025-12-08T23:12:58.550Z
404,lock:seat:347:49:2025-12-18:921,347,49,160,BKG-20251231-53PM6UYH,EXPIRED,2025-12-08T23:09:48.550Z,2025-12-08T23:12:58.550Z
405,lock:seat:153:17:2025-12-25:7207,153,17,539,BKG-20251231-2HJWG2SY,EXPIRED,2025-12-09T00:34:46.258Z,2025-12-09T00:38:46.258Z
406,lock:seat:153:12:2025-12-25:7208,153,12,539,BKG-20251231-2HJWG2SY,EXPIRED,2025-12-09T00:34:56.258Z,2025-12-09T00:38:46.258Z
407,lock:seat:153:8:2025-12-25:7209,153,8,539,BKG-20251231-2HJWG2SY,EXPIRED,2025-12-09T00:35:06.258Z,2025-12-09T00:38:46.258Z
408,lock:seat:153:42:2025-12-25:7210,153,42,539,BKG-20251231-2HJWG2SY,EXPIRED,2025-12-09T00:35:16.258Z,2025-12-09T00:38:46.258Z
409,lock:seat:153:11:2025-12-25:7211,153,11,539,BKG-20251231-2HJWG2SY,EXPIRED,2025-12-09T00:35:26.258Z,2025-12-09T00:38:46.258Z
410,lock:seat:439:88:2025-12-20:71,439,88,370,BKG-20251231-PRCKX8NK,EXPIRED,2025-12-09T01:08:16.038Z,2025-12-09T01:12:16.038Z
411,lock:seat:439:54:2025-12-20:72,439,54,370,BKG-20251231-PRCKX8NK,EXPIRED,2025-12-09T01:08:26.038Z,2025-12-09T01:12:16.038Z
412,lock:seat:439:2:2025-12-20:73,439,2,370,BKG-20251231-PRCKX8NK,EXPIRED,2025-12-09T01:08:36.038Z,2025-12-09T01:12:16.038Z
413,lock:seat:439:92:2025-12-20:74,439,92,370,BKG-20251231-PRCKX8NK,EXPIRED,2025-12-09T01:08:46.038Z,2025-12-09T01:12:16.038Z
414,lock:seat:439:32:2025-12-20:75,439,32,370,BKG-20251231-PRCKX8NK,EXPIRED,2025-12-09T01:08:56.038Z,2025-12-09T01:12:16.038Z
415,lock:seat:439:79:2025-12-20:76,439,79,370,BKG-20251231-PRCKX8NK,EXPIRED,2025-12-09T01:09:06.038Z,2025-12-09T01:12:16.038Z
416,lock:seat:342:20:2025-12-17:4738,342,20,480,BKG-20251231-GVOJ83IZ,EXPIRED,2025-12-09T04:09:59.820Z,2025-12-09T04:13:59.820Z
417,lock:seat:342:65:2025-12-17:4739,342,65,480,BKG-20251231-GVOJ83IZ,EXPIRED,2025-12-09T04:10:09.820Z,2025-12-09T04:13:59.820Z
418,lock:seat:435:15:2025-12-28:3235,435,15,584,BKG-20251231-9O8ABWQF,EXPIRED,2025-12-09T04:49:26.448Z,2025-12-09T04:53:26.448Z
419,lock:seat:435:57:2025-12-28:3236,435,57,584,BKG-20251231-9O8ABWQF,EXPIRED,2025-12-09T04:49:36.448Z,2025-12-09T04:53:26.448Z
420,lock:seat:346:37:2025-12-28:6156,346,37,527,BKG-20251231-EAPMW09E,EXPIRED,2025-12-09T05:53:28.940Z,2025-12-09T05:57:28.940Z
421,lock:seat:346:83:2025-12-28:6157,346,83,527,BKG-20251231-EAPMW09E,EXPIRED,2025-12-09T05:53:38.940Z,2025-12-09T05:57:28.940Z
422,lock:seat:346:15:2025-12-28:6158,346,15,527,BKG-20251231-EAPMW09E,EXPIRED,2025-12-09T05:53:48.940Z,2025-12-09T05:57:28.940Z
423,lock:seat:346:42:2025-12-28:6159,346,42,527,BKG-20251231-EAPMW09E,EXPIRED,2025-12-09T05:53:58.940Z,2025-12-09T05:57:28.940Z
424,lock:seat:346:27:2025-12-28:6160,346,27,527,BKG-20251231-EAPMW09E,EXPIRED,2025-12-09T05:54:08.940Z,2025-12-09T05:57:28.940Z
425,lock:seat:242:78:2025-12-23:7424,242,78,452,BKG-20251231-7H8N7UI1,EXPIRED,2025-12-09T13:28:19.544Z,2025-12-09T13:32:19.544Z
426,lock:seat:404:100:2026-01-03:2032,404,100,214,BKG-20251231-SUNRTK6K,EXPIRED,2025-12-09T14:07:26.849Z,2025-12-09T14:11:26.849Z
427,lock:seat:404:23:2026-01-03:2033,404,23,214,BKG-20251231-SUNRTK6K,EXPIRED,2025-12-09T14:07:36.849Z,2025-12-09T14:11:26.849Z
428,lock:seat:404:44:2026-01-03:2034,404,44,214,BKG-20251231-SUNRTK6K,EXPIRED,2025-12-09T14:07:46.849Z,2025-12-09T14:11:26.849Z
429,lock:seat:404:13:2026-01-03:2035,404,13,214,BKG-20251231-SUNRTK6K,EXPIRED,2025-12-09T14:07:56.849Z,2025-12-09T14:11:26.849Z
430,lock:seat:74:33:2025-12-19:1889,74,33,750,BKG-20251231-A5NXHCRD,EXPIRED,2025-12-09T14:26:33.945Z,2025-12-09T14:30:33.945Z
431,lock:seat:74:45:2025-12-19:1890,74,45,750,BKG-20251231-A5NXHCRD,EXPIRED,2025-12-09T14:26:43.945Z,2025-12-09T14:30:33.945Z
432,lock:seat:80:61:2025-12-22:6828,80,61,865,BKG-20251231-4IK6Z2U2,EXPIRED,2025-12-09T14:32:05.442Z,2025-12-09T14:36:05.442Z
433,lock:seat:80:14:2025-12-22:6829,80,14,865,BKG-20251231-4IK6Z2U2,EXPIRED,2025-12-09T14:32:15.442Z,2025-12-09T14:36:05.442Z
434,lock:seat:80:18:2025-12-22:6830,80,18,865,BKG-20251231-4IK6Z2U2,EXPIRED,2025-12-09T14:32:25.442Z,2025-12-09T14:36:05.442Z
435,lock:seat:80:37:2025-12-22:6831,80,37,865,BKG-20251231-4IK6Z2U2,EXPIRED,2025-12-09T14:32:35.442Z,2025-12-09T14:36:05.442Z
436,lock:seat:12:60:2025-12-19:6200,12,60,408,BKG-20251231-4KZSRLDS,EXPIRED,2025-12-09T14:44:02.259Z,2025-12-09T14:48:02.259Z
437,lock:seat:12:23:2025-12-19:6201,12,23,408,BKG-20251231-4KZSRLDS,EXPIRED,2025-12-09T14:44:12.259Z,2025-12-09T14:48:02.259Z
438,lock:seat:12:51:2025-12-19:6202,12,51,408,BKG-20251231-4KZSRLDS,EXPIRED,2025-12-09T14:44:22.259Z,2025-12-09T14:48:02.259Z
439,lock:seat:12:87:2025-12-19:6203,12,87,408,BKG-20251231-4KZSRLDS,EXPIRED,2025-12-09T14:44:32.259Z,2025-12-09T14:48:02.259Z
440,lock:seat:12:64:2025-12-19:6204,12,64,408,BKG-20251231-4KZSRLDS,EXPIRED,2025-12-09T14:44:42.259Z,2025-12-09T14:48:02.259Z
441,lock:seat:17:28:2025-12-16:2039,17,28,846,BKG-20251231-RCCXODZD,EXPIRED,2025-12-09T17:24:06.647Z,2025-12-09T17:28:06.647Z
442,lock:seat:17:2:2025-12-16:2040,17,2,846,BKG-20251231-RCCXODZD,EXPIRED,2025-12-09T17:24:16.647Z,2025-12-09T17:28:06.647Z
443,lock:seat:17:100:2025-12-16:2041,17,100,846,BKG-20251231-RCCXODZD,EXPIRED,2025-12-09T17:24:26.647Z,2025-12-09T17:28:06.647Z
444,lock:seat:17:51:2025-12-16:2042,17,51,846,BKG-20251231-RCCXODZD,EXPIRED,2025-12-09T17:24:36.647Z,2025-12-09T17:28:06.647Z
445,lock:seat:17:37:2025-12-16:2043,17,37,846,BKG-20251231-RCCXODZD,EXPIRED,2025-12-09T17:24:46.647Z,2025-12-09T17:28:06.647Z
446,lock:seat:457:58:2025-12-22:4450,457,58,916,BKG-20251231-M2XO2O3Z,EXPIRED,2025-12-09T17:38:33.660Z,2025-12-09T17:42:33.660Z
447,lock:seat:295:51:2025-12-22:4021,295,51,385,BKG-20251231-GUQCQI8Z,EXPIRED,2025-12-09T20:31:34.445Z,2025-12-09T20:35:34.445Z
448,lock:seat:295:5:2025-12-22:4022,295,5,385,BKG-20251231-GUQCQI8Z,EXPIRED,2025-12-09T20:31:44.445Z,2025-12-09T20:35:34.445Z
449,lock:seat:295:79:2025-12-22:4023,295,79,385,BKG-20251231-GUQCQI8Z,EXPIRED,2025-12-09T20:31:54.445Z,2025-12-09T20:35:34.445Z
450,lock:seat:406:40:2025-12-26:2244,406,40,204,BKG-20251231-LYXAW13U,EXPIRED,2025-12-09T20:54:09.081Z,2025-12-09T20:58:09.081Z
451,lock:seat:406:41:2025-12-26:2245,406,41,204,BKG-20251231-LYXAW13U,EXPIRED,2025-12-09T20:54:19.081Z,2025-12-09T20:58:09.081Z
452,lock:seat:406:51:2025-12-26:2246,406,51,204,BKG-20251231-LYXAW13U,EXPIRED,2025-12-09T20:54:29.081Z,2025-12-09T20:58:09.081Z
453,lock:seat:192:93:2025-12-31:3664,192,93,985,BKG-20251231-H2KUZMIX,EXPIRED,2025-12-09T22:30:03.261Z,2025-12-09T22:34:03.261Z
454,lock:seat:192:95:2025-12-31:3665,192,95,985,BKG-20251231-H2KUZMIX,EXPIRED,2025-12-09T22:30:13.261Z,2025-12-09T22:34:03.261Z
455,lock:seat:97:37:2025-12-17:6234,97,37,975,BKG-20251231-MKAIG3V7,EXPIRED,2025-12-10T00:04:09.566Z,2025-12-10T00:08:09.566Z
456,lock:seat:97:71:2025-12-17:6235,97,71,975,BKG-20251231-MKAIG3V7,EXPIRED,2025-12-10T00:04:19.566Z,2025-12-10T00:08:09.566Z
457,lock:seat:98:20:2026-01-05:1938,98,20,150,BKG-20251231-T9TTVB75,EXPIRED,2025-12-10T00:09:32.071Z,2025-12-10T00:13:32.071Z
458,lock:seat:98:7:2026-01-05:1939,98,7,150,BKG-20251231-T9TTVB75,EXPIRED,2025-12-10T00:09:42.071Z,2025-12-10T00:13:32.071Z
459,lock:seat:98:94:2026-01-05:1940,98,94,150,BKG-20251231-T9TTVB75,EXPIRED,2025-12-10T00:09:52.071Z,2025-12-10T00:13:32.071Z
460,lock:seat:98:4:2026-01-05:1941,98,4,150,BKG-20251231-T9TTVB75,EXPIRED,2025-12-10T00:10:02.071Z,2025-12-10T00:13:32.071Z
461,lock:seat:411:16:2026-01-07:3897,411,16,187,BKG-20251231-XMLQ88SE,EXPIRED,2025-12-10T01:32:52.704Z,2025-12-10T01:36:52.704Z
462,lock:seat:199:58:2025-12-20:4806,199,58,934,BKG-20251231-YMQT1G5P,EXPIRED,2025-12-10T06:03:47.218Z,2025-12-10T06:07:47.218Z
463,lock:seat:199:21:2025-12-20:4807,199,21,934,BKG-20251231-YMQT1G5P,EXPIRED,2025-12-10T06:03:57.218Z,2025-12-10T06:07:47.218Z
464,lock:seat:199:76:2025-12-20:4808,199,76,934,BKG-20251231-YMQT1G5P,EXPIRED,2025-12-10T06:04:07.218Z,2025-12-10T06:07:47.218Z
465,lock:seat:199:50:2025-12-20:4809,199,50,934,BKG-20251231-YMQT1G5P,EXPIRED,2025-12-10T06:04:17.218Z,2025-12-10T06:07:47.218Z
466,lock:seat:199:85:2025-12-20:4810,199,85,934,BKG-20251231-YMQT1G5P,EXPIRED,2025-12-10T06:04:27.218Z,2025-12-10T06:07:47.218Z
467,lock:seat:360:43:2025-12-16:4740,360,43,380,BKG-20251231-EJ4W0N9N,EXPIRED,2025-12-10T12:51:15.567Z,2025-12-10T12:55:15.567Z
468,lock:seat:133:84:2026-01-03:4393,133,84,899,BKG-20251231-9W9TKDSV,EXPIRED,2025-12-10T15:31:08.025Z,2025-12-10T15:35:08.025Z
469,lock:seat:133:83:2026-01-03:4394,133,83,899,BKG-20251231-9W9TKDSV,EXPIRED,2025-12-10T15:31:18.025Z,2025-12-10T15:35:08.025Z
470,lock:seat:133:21:2026-01-03:4395,133,21,899,BKG-20251231-9W9TKDSV,EXPIRED,2025-12-10T15:31:28.025Z,2025-12-10T15:35:08.025Z
471,lock:seat:133:68:2026-01-03:4396,133,68,899,BKG-20251231-9W9TKDSV,EXPIRED,2025-12-10T15:31:38.025Z,2025-12-10T15:35:08.025Z
472,lock:seat:133:58:2026-01-03:4397,133,58,899,BKG-20251231-9W9TKDSV,EXPIRED,2025-12-10T15:31:48.025Z,2025-12-10T15:35:08.025Z
473,lock:seat:133:60:2026-01-03:4398,133,60,899,BKG-20251231-9W9TKDSV,EXPIRED,2025-12-10T15:31:58.025Z,2025-12-10T15:35:08.025Z
474,lock:seat:470:71:2025-12-26:8505,470,71,214,BKG-20251231-F6SQOUAV,EXPIRED,2025-12-10T19:01:17.042Z,2025-12-10T19:05:17.042Z
475,lock:seat:474:54:2026-01-06:6817,474,54,961,BKG-20251231-EOU62RL5,EXPIRED,2025-12-10T20:15:11.509Z,2025-12-10T20:19:11.509Z
476,lock:seat:474:5:2026-01-06:6818,474,5,961,BKG-20251231-EOU62RL5,EXPIRED,2025-12-10T20:15:21.509Z,2025-12-10T20:19:11.509Z
477,lock:seat:377:42:2025-12-28:3633,377,42,670,BKG-20251231-0H5Z6FEK,EXPIRED,2025-12-10T20:25:47.226Z,2025-12-10T20:29:47.226Z
478,lock:seat:377:63:2025-12-28:3634,377,63,670,BKG-20251231-0H5Z6FEK,EXPIRED,2025-12-10T20:25:57.226Z,2025-12-10T20:29:47.226Z
479,lock:seat:314:74:2026-01-04:6553,314,74,930,BKG-20251231-G6RW91XK,EXPIRED,2025-12-10T20:39:53.880Z,2025-12-10T20:43:53.880Z
480,lock:seat:314:99:2026-01-04:6554,314,99,930,BKG-20251231-G6RW91XK,EXPIRED,2025-12-10T20:40:03.880Z,2025-12-10T20:43:53.880Z
481,lock:seat:314:23:2026-01-04:6555,314,23,930,BKG-20251231-G6RW91XK,EXPIRED,2025-12-10T20:40:13.880Z,2025-12-10T20:43:53.880Z
482,lock:seat:320:76:2025-12-19:5364,320,76,319,BKG-20251231-1M8SR0XG,EXPIRED,2025-12-11T02:58:26.170Z,2025-12-11T03:02:26.170Z
483,lock:seat:320:60:2025-12-19:5365,320,60,319,BKG-20251231-1M8SR0XG,EXPIRED,2025-12-11T02:58:36.170Z,2025-12-11T03:02:26.170Z
484,lock:seat:320:14:2025-12-19:5366,320,14,319,BKG-20251231-1M8SR0XG,EXPIRED,2025-12-11T02:58:46.170Z,2025-12-11T03:02:26.170Z
485,lock:seat:320:89:2025-12-19:5367,320,89,319,BKG-20251231-1M8SR0XG,EXPIRED,2025-12-11T02:58:56.170Z,2025-12-11T03:02:26.170Z
486,lock:seat:209:3:2026-01-07:6962,209,3,359,BKG-20251231-DID9E6D3,EXPIRED,2025-12-11T03:41:59.525Z,2025-12-11T03:45:59.525Z
487,lock:seat:97:29:2025-12-19:6437,97,29,482,BKG-20251231-RGI8C4OE,EXPIRED,2025-12-11T10:20:47.990Z,2025-12-11T10:24:47.990Z
488,lock:seat:97:61:2025-12-19:6438,97,61,482,BKG-20251231-RGI8C4OE,EXPIRED,2025-12-11T10:20:57.990Z,2025-12-11T10:24:47.990Z
489,lock:seat:97:97:2025-12-19:6439,97,97,482,BKG-20251231-RGI8C4OE,EXPIRED,2025-12-11T10:21:07.990Z,2025-12-11T10:24:47.990Z
490,lock:seat:51:53:2025-12-26:103,51,53,909,BKG-20251231-TYSK0LKY,EXPIRED,2025-12-11T11:14:11.178Z,2025-12-11T11:18:11.178Z
491,lock:seat:51:59:2025-12-26:104,51,59,909,BKG-20251231-TYSK0LKY,EXPIRED,2025-12-11T11:14:21.178Z,2025-12-11T11:18:11.178Z
492,lock:seat:51:47:2025-12-26:105,51,47,909,BKG-20251231-TYSK0LKY,EXPIRED,2025-12-11T11:14:31.178Z,2025-12-11T11:18:11.178Z
493,lock:seat:51:73:2025-12-26:106,51,73,909,BKG-20251231-TYSK0LKY,EXPIRED,2025-12-11T11:14:41.178Z,2025-12-11T11:18:11.178Z
494,lock:seat:51:49:2025-12-26:107,51,49,909,BKG-20251231-TYSK0LKY,EXPIRED,2025-12-11T11:14:51.178Z,2025-12-11T11:18:11.178Z
495,lock:seat:42:54:2025-12-30:2422,42,54,215,BKG-20251231-RER3C0LT,EXPIRED,2025-12-11T11:19:39.152Z,2025-12-11T11:23:39.152Z
496,lock:seat:424:89:2025-12-22:8455,424,89,54,BKG-20251231-NTHR2ZRV,EXPIRED,2025-12-11T13:12:52.481Z,2025-12-11T13:16:52.481Z
497,lock:seat:424:6:2025-12-22:8456,424,6,54,BKG-20251231-NTHR2ZRV,EXPIRED,2025-12-11T13:13:02.481Z,2025-12-11T13:16:52.481Z
498,lock:seat:97:91:2025-12-17:2730,97,91,715,BKG-20251231-O9GP6K1U,EXPIRED,2025-12-11T19:00:38.632Z,2025-12-11T19:04:38.632Z
499,lock:seat:97:23:2025-12-17:2731,97,23,715,BKG-20251231-O9GP6K1U,EXPIRED,2025-12-11T19:00:48.632Z,2025-12-11T19:04:38.632Z
500,lock:seat:97:1:2025-12-17:2732,97,1,715,BKG-20251231-O9GP6K1U,EXPIRED,2025-12-11T19:00:58.632Z,2025-12-11T19:04:38.632Z
